0.000000,817
0.040000,1756
0.080000,3351
0.120000,3660
0.160000,3840
0.200000,4090
0.240000,4116
0.280000,4129
0.320000,4018
0.360000,4283
0.400000,3805
0.440000,3744
0.480000,3608
0.520000,3686
0.560000,3294
0.600000,3255
0.640000,2586
0.680000,8353
0.720000,1434
0.760000,1416
0.800000,1555
0.840000,1359
0.880000,1521
0.920000,1593
0.960000,1426
1.000000,1531
1.040000,1479
1.080000,1387
1.120000,1595
1.160000,1271
1.200000,1489
1.240000,1349
1.280000,1549
1.320000,1384
1.360000,1511
1.400000,1537
1.440000,1398
1.480000,1352
1.520000,1262
1.560000,1628
1.600000,1395
1.640000,1432
1.680000,1475
1.720000,1435
1.760000,1196
1.800000,1409
1.840000,1454
1.880000,1645
1.920000,1500
1.960000,1265
2.000000,1443
2.040000,1402
2.080000,1474
2.120000,1429
2.160000,1534
2.200000,1478
2.240000,1481
2.280000,1417
2.320000,1256
2.360000,1583
2.400000,1258
2.440000,1560
2.480000,1503
2.520000,1488
2.560000,1612
2.600000,1618
2.640000,1574
2.680000,1868
2.720000,1692
2.760000,1703
2.800000,1545
2.840000,1628
2.880000,1543
2.920000,1487
2.960000,1321
3.000000,1608
3.040000,1498
3.080000,1391
3.120000,1443
3.160000,1360
3.200000,1474
3.240000,1591
3.280000,1703
3.320000,1385
3.360000,1584
3.400000,1505
3.440000,1515
3.480000,1621
3.520000,1731
3.560000,1765
3.600000,1608
3.640000,1786
3.680000,1836
3.720000,1779
3.760000,1628
3.800000,1463
3.840000,1400
3.880000,1811
3.920000,1613
3.960000,1590
4.000000,1379
4.040000,1614
4.080000,1530
4.120000,1348
4.160000,1381
4.200000,1351
4.240000,1513
4.280000,1372
4.320000,1518
4.360000,1592
4.400000,1592
4.440000,1362
4.480000,1475
4.520000,1350
4.560000,1564
4.600000,1164
4.640000,1221
4.680000,1540
4.720000,1591
4.760000,1378
4.800000,1466
4.840000,1549
4.880000,1348
4.920000,1476
4.960000,1390
5.000000,1558
5.040000,1606
5.080000,1254
5.120000,1322
5.160000,1217
5.200000,1360
5.240000,1229
5.280000,1327
5.320000,1309
5.360000,1285
5.400000,1199
5.440000,1498
5.480000,1580
5.520000,1511
5.560000,1181
5.600000,1358
5.640000,1138
5.680000,1574
5.720000,1237
5.760000,1153
5.800000,1188
5.840000,1045
5.880000,1213
5.920000,1103
5.960000,1343
6.000000,1085
6.040000,1246
6.080000,1207
6.120000,1256
6.160000,1152
6.200000,1048
6.240000,1150
6.280000,1109
6.320000,1167
6.360000,993
6.400000,1227
6.440000,1186
6.480000,1347
6.520000,1461
6.560000,1398
6.600000,1387
6.640000,1473
6.680000,1812
6.720000,1415
6.760000,1312
6.800000,1258
6.840000,1313
6.880000,1409
6.920000,1205
6.960000,1204
7.000000,1286
7.040000,1364
7.080000,1384
7.120000,1469
7.160000,1275
7.200000,1434
7.240000,1599
7.280000,1474
7.320000,1443
7.360000,1409
7.400000,1233
7.440000,1200
7.480000,1293
7.520000,1385
7.560000,1235
7.600000,1184
7.640000,1310
7.680000,1440
7.720000,1329
7.760000,1342
7.800000,1415
7.840000,1462
7.880000,1426
7.920000,1273
7.960000,1433
8.000000,1358
8.040000,1301
8.080000,1297
8.120000,1211
8.160000,1229
8.200000,1212
8.240000,1353
8.280000,1081
8.320000,1168
8.360000,1286
8.400000,1343
8.440000,1232
8.480000,1296
8.520000,1326
8.560000,1111
8.600000,1316
8.640000,1088
8.680000,1518
8.720000,1366
8.760000,1356
8.800000,1357
8.840000,1218
8.880000,1256
8.920000,1277
8.960000,1273
9.000000,1248
9.040000,1271
9.080000,1337
9.120000,1292
9.160000,1220
9.200000,1382
9.240000,1403
9.280000,1250
9.320000,1269
9.360000,1447
9.400000,1292
9.440000,1324
9.480000,1451
9.520000,1314
9.560000,1271
9.600000,1630
9.640000,1622
9.680000,3031
9.720000,1427
9.760000,1251
9.800000,1217
9.840000,1306
9.880000,1391
9.920000,1394
9.960000,1382
10.000000,7929
10.040000,1246
10.080000,1689
10.120000,1901
10.160000,1489
10.200000,1474
10.240000,1603
10.280000,1724
10.320000,1700
10.360000,1807
10.400000,1963
10.440000,1857
10.480000,1633
10.520000,1482
10.560000,1662
10.600000,1603
10.640000,1556
10.680000,1728
10.720000,1636
10.760000,1658
10.800000,1525
10.840000,1542
10.880000,1540
10.920000,1533
10.960000,1694
11.000000,1519
11.040000,1497
11.080000,1446
11.120000,1606
11.160000,1550
11.200000,1541
11.240000,1489
11.280000,1496
11.320000,1621
11.360000,1550
11.400000,1629
11.440000,1591
11.480000,1445
11.520000,1364
11.560000,1702
11.600000,1427
11.640000,1356
11.680000,1966
11.720000,1680
11.760000,1631
11.800000,1551
11.840000,1702
11.880000,1711
11.920000,1620
11.960000,1473
12.000000,1872
12.040000,1638
12.080000,1792
12.120000,1645
12.160000,1658
12.200000,1692
12.240000,1637
12.280000,1681
12.320000,1668
12.360000,1668
12.400000,1612
12.440000,1627
12.480000,1636
12.520000,1577
12.560000,1795
12.600000,1537
12.640000,1575
12.680000,2002
12.720000,1888
12.760000,1755
12.800000,1459
12.840000,1434
12.880000,1608
12.920000,1552
12.960000,1471
13.000000,1635
13.040000,1488
13.080000,1465
13.120000,1361
13.160000,1304
13.200000,1601
13.240000,1410
13.280000,1543
13.320000,1528
13.360000,1533
13.400000,1449
13.440000,1420
13.480000,1892
13.520000,1816
13.560000,1547
13.600000,1466
13.640000,1419
13.680000,1620
13.720000,1510
13.760000,1593
13.800000,1582
13.840000,1626
13.880000,1737
13.920000,1702
13.960000,1654
14.000000,1944
14.040000,1515
14.080000,1754
14.120000,1930
14.160000,1632
14.200000,1682
14.240000,2058
14.280000,1783
14.320000,1748
14.360000,1709
14.400000,1972
14.440000,1552
14.480000,1748
14.520000,1853
14.560000,1726
14.600000,1529
14.640000,1445
14.680000,1946
14.720000,1918
14.760000,1698
14.800000,1930
14.840000,1748
14.880000,1690
14.920000,1960
14.960000,1529
15.000000,1563
15.040000,1469
15.080000,1731
15.120000,1761
15.160000,1539
15.200000,1848
15.240000,1799
15.280000,1845
15.320000,1962
15.360000,2020
15.400000,1872
15.440000,2140
15.480000,1656
15.520000,1869
15.560000,1688
15.600000,1892
15.640000,1963
15.680000,2338
15.720000,1876
15.760000,1880
15.800000,1979
15.840000,1824
15.880000,1815
15.920000,1871
15.960000,1930
16.000000,1545
16.040000,1790
16.080000,1645
16.120000,1541
16.160000,1734
16.200000,1474
16.240000,1688
16.280000,1403
16.320000,1378
16.360000,1497
16.400000,1758
16.440000,1763
16.480000,1792
16.520000,1450
16.560000,1643
16.600000,1449
16.640000,1282
16.680000,1998
16.720000,1346
16.760000,1515
16.800000,1686
16.840000,1614
16.880000,1643
16.920000,1512
16.960000,1558
17.000000,1419
17.040000,1339
17.080000,1394
17.120000,1513
17.160000,1453
17.200000,1450
17.240000,1418
17.280000,1646
17.320000,1604
17.360000,1513
17.400000,1657
17.440000,1349
17.480000,1633
17.520000,1376
17.560000,1412
17.600000,1359
17.640000,1317
17.680000,1760
17.720000,1344
17.760000,1423
17.800000,1494
17.840000,1375
17.880000,1398
17.920000,1428
17.960000,1381
18.000000,1453
18.040000,1269
18.080000,1428
18.120000,1560
18.160000,1442
18.200000,1506
18.240000,1495
18.280000,1359
18.320000,1569
18.360000,1365
18.400000,1504
18.440000,1528
18.480000,1414
18.520000,1447
18.560000,1257
18.600000,1616
18.640000,1425
18.680000,1762
18.720000,1705
18.760000,1516
18.800000,1538
18.840000,1364
18.880000,1423
18.920000,1275
18.960000,1599
19.000000,1617
19.040000,1521
19.080000,1494
19.120000,1596
19.160000,1479
19.200000,1560
19.240000,1523
19.280000,1263
19.320000,1396
19.360000,1449
19.400000,1490
19.440000,1261
19.480000,1503
19.520000,1599
19.560000,1630
19.600000,1585
19.640000,1296
19.680000,1762
19.720000,1408
19.760000,1489
19.800000,1683
19.840000,1743
19.880000,1344
19.920000,1620
19.960000,1518
20.000000,7663
20.040000,1097
20.080000,1030
20.120000,1275
20.160000,1557
20.200000,1512
20.240000,1592
20.280000,1335
20.320000,1330
20.360000,1377
20.400000,1271
20.440000,1427
20.480000,1436
20.520000,1469
20.560000,1449
20.600000,1239
20.640000,1304
20.680000,1728
20.720000,1485
20.760000,1265
20.800000,1291
20.840000,1372
20.880000,1399
20.920000,1448
20.960000,1457
21.000000,1593
21.040000,1398
21.080000,1541
21.120000,1381
21.160000,1275
21.200000,1507
21.240000,1624
21.280000,1553
21.320000,1594
21.360000,1652
21.400000,1597
21.440000,1522
21.480000,1643
21.520000,1460
21.560000,1413
21.600000,1271
21.640000,1276
21.680000,1704
21.720000,1440
21.760000,1749
21.800000,1755
21.840000,1504
21.880000,1293
21.920000,1201
21.960000,1430
22.000000,1470
22.040000,1413
22.080000,1828
22.120000,1539
22.160000,1540
22.200000,1358
22.240000,1458
22.280000,1414
22.320000,1358
22.360000,1359
22.400000,1507
22.440000,1356
22.480000,1330
22.520000,1330
22.560000,1293
22.600000,1532
22.640000,1390
22.680000,1777
22.720000,1447
22.760000,1418
22.800000,1439
22.840000,1425
22.880000,1388
22.920000,1395
22.960000,1363
23.000000,1379
23.040000,1305
23.080000,1352
23.120000,1279
23.160000,1478
23.200000,1561
23.240000,1649
23.280000,1645
23.320000,1402
23.360000,1333
23.400000,1352
23.440000,1262
23.480000,1473
23.520000,1619
23.560000,1494
23.600000,1694
23.640000,1501
23.680000,1866
23.720000,1532
23.760000,1489
23.800000,1215
23.840000,1266
23.880000,1290
23.920000,1396
23.960000,1440
24.000000,1507
24.040000,1464
24.080000,1549
24.120000,1374
24.160000,1261
24.200000,1473
24.240000,1318
24.280000,1446
24.320000,1632
24.360000,1338
24.400000,1209
24.440000,1314
24.480000,1260
24.520000,1344
24.560000,1359
24.600000,1409
24.640000,1333
24.680000,1473
24.720000,1296
24.760000,1346
24.800000,1326
24.840000,1328
24.880000,1385
24.920000,1337
24.960000,1625
25.000000,1579
25.040000,1345
25.080000,1370
25.120000,1330
25.160000,1309
25.200000,1358
25.240000,1257
25.280000,1268
25.320000,1363
25.360000,1381
25.400000,1290
25.440000,1176
25.480000,1187
25.520000,1234
25.560000,1392
25.600000,1315
25.640000,1291
25.680000,1475
25.720000,1192
25.760000,1368
25.800000,1380
25.840000,1278
25.880000,1467
25.920000,1511
25.960000,1529
26.000000,1417
26.040000,1193
26.080000,1377
26.120000,1331
26.160000,1281
26.200000,1254
26.240000,1356
26.280000,1351
26.320000,1351
26.360000,1482
26.400000,1218
26.440000,1329
26.480000,1185
26.520000,1335
26.560000,1335
26.600000,1423
26.640000,1380
26.680000,1610
26.720000,1357
26.760000,1339
26.800000,1378
26.840000,1374
26.880000,1356
26.920000,1318
26.960000,1298
27.000000,1402
27.040000,1699
27.080000,1497
27.120000,1636
27.160000,1457
27.200000,1283
27.240000,1298
27.280000,1371
27.320000,1421
27.360000,1462
27.400000,1304
27.440000,1233
27.480000,1330
27.520000,1362
27.560000,1172
27.600000,1157
27.640000,1068
27.680000,1483
27.720000,1185
27.760000,1184
27.800000,1293
27.840000,1126
27.880000,1263
27.920000,1228
27.960000,1319
28.000000,1354
28.040000,1114
28.080000,1055
28.120000,1219
28.160000,1337
28.200000,1214
28.240000,1139
28.280000,1396
28.320000,1241
28.360000,1104
28.400000,1584
28.440000,1605
28.480000,1619
28.520000,1463
28.560000,1244
28.600000,1477
28.640000,1442
28.680000,3314
28.720000,1519
28.760000,1390
28.800000,1425
28.840000,1446
28.880000,1418
28.920000,1282
28.960000,1343
29.000000,1407
29.040000,1483
29.080000,1310
29.120000,1423
29.160000,1548
29.200000,1655
29.240000,1476
29.280000,1525
29.320000,1322
29.360000,1343
29.400000,1359
29.440000,1444
29.480000,1556
29.520000,1434
29.560000,1538
29.600000,1409
29.640000,1288
29.680000,1563
29.720000,1472
29.760000,1367
29.800000,1419
29.840000,1359
29.880000,1137
29.920000,1446
29.960000,1418
30.000000,7694
30.040000,1366
30.080000,1525
30.120000,1556
30.160000,1613
30.200000,1836
30.240000,1872
30.280000,1785
30.320000,1562
30.360000,1464
30.400000,1494
30.440000,1494
30.480000,1535
30.520000,1447
30.560000,1449
30.600000,1572
30.640000,1276
30.680000,1622
30.720000,1546
30.760000,1723
30.800000,1443
30.840000,1756
30.880000,1317
30.920000,1569
30.960000,1533
31.000000,1536
31.040000,1489
31.080000,1332
31.120000,1428
31.160000,1406
31.200000,1571
31.240000,1380
31.280000,1424
31.320000,1651
31.360000,1506
31.400000,1508
31.440000,1649
31.480000,1510
31.520000,1488
31.560000,1869
31.600000,1931
31.640000,1866
31.680000,1797
31.720000,1604
31.760000,1648
31.800000,1673
31.840000,2033
31.880000,1439
31.920000,1612
31.960000,1538
32.000000,1532
32.040000,1663
32.080000,1746
32.120000,1470
32.160000,1887
32.200000,1583
32.240000,1705
32.280000,1656
32.320000,1781
32.360000,1638
32.400000,1817
32.440000,1663
32.480000,1676
32.520000,1621
32.560000,1649
32.600000,1466
32.640000,1566
32.680000,1888
32.720000,1641
32.760000,1582
32.800000,1548
32.840000,1698
32.880000,1562
32.920000,1504
32.960000,1363
33.000000,1428
33.040000,1357
33.080000,1673
33.120000,1485
33.160000,1525
33.200000,1785
33.240000,1893
33.280000,1362
33.320000,1371
33.360000,1496
33.400000,1285
33.440000,1325
33.480000,1713
33.520000,1401
33.560000,1567
33.600000,1736
33.640000,1390
33.680000,2929
33.720000,1569
33.760000,1537
33.800000,1855
33.840000,1592
33.880000,1621
33.920000,1748
33.960000,1658
34.000000,1499
34.040000,1799
34.080000,1632
34.120000,2004
34.160000,1850
34.200000,1741
34.240000,1721
34.280000,1841
34.320000,1491
34.360000,1774
34.400000,1681
34.440000,1890
34.480000,1293
34.520000,1909
34.560000,1501
34.600000,1902
34.640000,1578
34.680000,3667
34.720000,1947
34.760000,1983
34.800000,1764
34.840000,1792
34.880000,1398
34.920000,1900
34.960000,1786
35.000000,2142
35.040000,1522
35.080000,1710
35.120000,1708
35.160000,2045
35.200000,2118
35.240000,1630
35.280000,1967
35.320000,1456
35.360000,1723
35.400000,1795
35.440000,1983
35.480000,1683
35.520000,1799
35.560000,1628
35.600000,1954
35.640000,1496
35.680000,3421
35.720000,1858
35.760000,1915
35.800000,1851
35.840000,1747
35.880000,1758
35.920000,1700
35.960000,2157
36.000000,1822
36.040000,2152
36.080000,1640
36.120000,1640
36.160000,2031
36.200000,2034
36.240000,2127
36.280000,1982
36.320000,1713
36.360000,1806
36.400000,1990
36.440000,1743
36.480000,1857
36.520000,2016
36.560000,1942
36.600000,2026
36.640000,1967
36.680000,1807
36.720000,1651
36.760000,1906
36.800000,1941
36.840000,2002
36.880000,2019
36.920000,1734
36.960000,1746
37.000000,1744
37.040000,1880
37.080000,1750
37.120000,1734
37.160000,1654
37.200000,1742
37.240000,1858
37.280000,1969
37.320000,1821
37.360000,1863
37.400000,2070
37.440000,1723
37.480000,1685
37.520000,1907
37.560000,1758
37.600000,1785
37.640000,1666
37.680000,2040
37.720000,1927
37.760000,1561
37.800000,2020
37.840000,2015
37.880000,2008
37.920000,1710
37.960000,1605
38.000000,1956
38.040000,1791
38.080000,2021
38.120000,1989
38.160000,2181
38.200000,1968
38.240000,2015
38.280000,1942
38.320000,1703
38.360000,1842
38.400000,1873
38.440000,1914
38.480000,1733
38.520000,1684
38.560000,1882
38.600000,1656
38.640000,1723
38.680000,2076
38.720000,2022
38.760000,1992
38.800000,2095
38.840000,1922
38.880000,1604
38.920000,2006
38.960000,1928
39.000000,2003
39.040000,2115
39.080000,2107
39.120000,1895
39.160000,1863
39.200000,1701
39.240000,1980
39.280000,2014
39.320000,1634
39.360000,2093
39.400000,1942
39.440000,1991
39.480000,1632
39.520000,1927
39.560000,1788
39.600000,2270
39.640000,1827
39.680000,4067
39.720000,1861
39.760000,1747
39.800000,8910
39.840000,1760
39.880000,1916
39.920000,1711
39.960000,2135
40.000000,2640
40.040000,1957
40.080000,2114
40.120000,1818
40.160000,1979
40.200000,1587
40.240000,1611
40.280000,1776
40.320000,1545
40.360000,1951
40.400000,1646
40.440000,2107
40.480000,1806
40.520000,1821
40.560000,1648
40.600000,1679
40.640000,1699
40.680000,1841
40.720000,1690
40.760000,1590
40.800000,1667
40.840000,1942
40.880000,1855
40.920000,1674
40.960000,1955
41.000000,1830
41.040000,1825
41.080000,1918
41.120000,1727
41.160000,2084
41.200000,2110
41.240000,1890
41.280000,1978
41.320000,1838
41.360000,1818
41.400000,1764
41.440000,1406
41.480000,1597
41.520000,1823
41.560000,1614
41.600000,1858
41.640000,1655
41.680000,3655
41.720000,2174
41.760000,2059
41.800000,1590
41.840000,2217
41.880000,2066
41.920000,2119
41.960000,1599
42.000000,1843
42.040000,1828
42.080000,2132
42.120000,1897
42.160000,1881
42.200000,1925
42.240000,1517
42.280000,2172
42.320000,1955
42.360000,1918
42.400000,1965
42.440000,1677
42.480000,1775
42.520000,2170
42.560000,2246
42.600000,2128
42.640000,1973
42.680000,2150
42.720000,1830
42.760000,1764
42.800000,1950
42.840000,1840
42.880000,2141
42.920000,1817
42.960000,2019
43.000000,1812
43.040000,1995
43.080000,2204
43.120000,1690
43.160000,2023
43.200000,1717
43.240000,1849
43.280000,1618
43.320000,1878
43.360000,1516
43.400000,1991
43.440000,1787
43.480000,2121
43.520000,1515
43.560000,1915
43.600000,1778
43.640000,1915
43.680000,1877
43.720000,1784
43.760000,1929
43.800000,1781
43.840000,1680
43.880000,1791
43.920000,1791
43.960000,1758
44.000000,1884
44.040000,1905
44.080000,1795
44.120000,1939
44.160000,1874
44.200000,2102
44.240000,2039
44.280000,1789
44.320000,1947
44.360000,2010
44.400000,2116
44.440000,2096
44.480000,2019
44.520000,2004
44.560000,1962
44.600000,1800
44.640000,2025
44.680000,2171
44.720000,1901
44.760000,2124
44.800000,2046
44.840000,2160
44.880000,2176
44.920000,2176
44.960000,1864
45.000000,1719
45.040000,2028
45.080000,1941
45.120000,2058
45.160000,2169
45.200000,1880
45.240000,1825
45.280000,1843
45.320000,2235
45.360000,2117
45.400000,1981
45.440000,1702
45.480000,2050
45.520000,1690
45.560000,1849
45.600000,2143
45.640000,1713
45.680000,3928
45.720000,2059
45.760000,2050
45.800000,1981
45.840000,1922
45.880000,1937
45.920000,2310
45.960000,2005
46.000000,2068
46.040000,1467
46.080000,2127
46.120000,1818
46.160000,2164
46.200000,1814
46.240000,1617
46.280000,1775
46.320000,1639
46.360000,1932
46.400000,2068
46.440000,1856
46.480000,1990
46.520000,1771
46.560000,1688
46.600000,1666
46.640000,1669
46.680000,1862
46.720000,1780
46.760000,1893
46.800000,1866
46.840000,1811
46.880000,1841
46.920000,2195
46.960000,2015
47.000000,1932
47.040000,2034
47.080000,1871
47.120000,1846
47.160000,1812
47.200000,2296
47.240000,2221
47.280000,1921
47.320000,1955
47.360000,2323
47.400000,2182
47.440000,1804
47.480000,2035
47.520000,2330
47.560000,2016
47.600000,2312
47.640000,1867
47.680000,1881
47.720000,2086
47.760000,1821
47.800000,1751
47.840000,2135
47.880000,1750
47.920000,2327
47.960000,2132
48.000000,2088
48.040000,2247
48.080000,2164
48.120000,1915
48.160000,2035
48.200000,1928
48.240000,2027
48.280000,1919
48.320000,1915
48.360000,2025
48.400000,1772
48.440000,1762
48.480000,1658
48.520000,1770
48.560000,1894
48.600000,1862
48.640000,1771
48.680000,2042
48.720000,1828
48.760000,1807
48.800000,1585
48.840000,2070
48.880000,1905
48.920000,2043
48.960000,1887
49.000000,2048
49.040000,1659
49.080000,1755
49.120000,1990
49.160000,2168
49.200000,1681
49.240000,1818
49.280000,1691
49.320000,1598
49.360000,1627
49.400000,1778
49.440000,1870
49.480000,1770
49.520000,1709
49.560000,1579
49.600000,1676
49.640000,1677
49.680000,5074
49.720000,4000
49.760000,10955
49.800000,2477
49.840000,2431
49.880000,2171
49.920000,1858
49.960000,3870
50.000000,4731
50.040000,4808
50.080000,3640
50.120000,3315
50.160000,3182
50.200000,3061
50.240000,2658
50.280000,2508
50.320000,5162
50.360000,3337
50.400000,3405
50.440000,1991
50.480000,1922
50.520000,3276
50.560000,2017
50.600000,2708
50.640000,667
50.680000,5762
50.720000,3568
50.760000,4850
50.800000,2282
50.840000,1979
50.880000,1825
50.920000,1851
50.960000,3562
51.000000,4642
51.040000,4869
51.080000,2946
51.120000,4249
51.160000,3977
51.200000,5024
51.240000,3267
51.280000,2880
51.320000,3833
51.360000,2772
51.400000,2763
51.440000,3213
51.480000,2945
51.520000,3225
51.560000,2334
51.600000,2970
51.640000,2214
51.680000,7270
51.720000,4531
51.760000,6168
51.800000,2402
51.840000,2442
51.880000,2701
51.920000,2558
51.960000,5704
52.000000,6036
52.040000,4751
52.080000,2577
52.120000,4385
52.160000,3877
52.200000,3546
52.240000,2204
52.280000,2343
52.320000,3308
52.360000,3194
52.400000,2385
52.440000,3133
52.480000,2730
52.520000,3475
52.560000,2300
52.600000,2187
52.640000,2347
52.680000,2527
52.720000,2639
52.760000,2869
52.800000,2594
52.840000,2931
52.880000,3032
52.920000,2990
52.960000,3237
53.000000,3777
53.040000,2403
53.080000,4029
53.120000,3424
53.160000,4146
53.200000,3518
53.240000,3920
53.280000,3417
53.320000,4242
53.360000,2939
53.400000,3639
53.440000,2630
53.480000,3834
53.520000,3054
53.560000,3764
53.600000,1526
53.640000,3907
53.680000,4030
53.720000,2543
53.760000,3527
53.800000,3337
53.840000,1637
53.880000,4344
53.920000,2524
53.960000,3313
54.000000,4025
54.040000,3402
54.080000,3500
54.120000,2983
54.160000,2778
54.200000,3212
54.240000,2659
54.280000,3605
54.320000,3313
54.360000,2297
54.400000,3013
54.440000,3231
54.480000,1535
54.520000,3505
54.560000,3557
54.600000,2852
54.640000,1556
54.680000,4497
54.720000,2200
54.760000,3153
54.800000,1513
54.840000,3885
54.880000,3243
54.920000,2219
54.960000,2509
55.000000,4405
55.040000,2769
55.080000,2685
55.120000,1467
55.160000,3944
55.200000,4034
55.240000,2739
55.280000,2755
55.320000,2926
55.360000,2805
55.400000,1594
55.440000,3860
55.480000,2650
55.520000,2902
55.560000,3484
55.600000,1641
55.640000,4087
55.680000,2490
55.720000,2806
55.760000,1578
55.800000,4050
55.840000,2378
55.880000,3202
55.920000,2726
55.960000,2268
56.000000,3419
56.040000,2852
56.080000,2441
56.120000,3021
56.160000,2482
56.200000,3232
56.240000,2367
56.280000,3897
56.320000,2455
56.360000,2423
56.400000,3031
56.440000,3228
56.480000,1388
56.520000,4311
56.560000,1490
56.600000,3665
56.640000,1406
56.680000,3568
56.720000,3411
56.760000,2828
56.800000,3484
56.840000,2309
56.880000,3328
56.920000,3763
56.960000,2402
57.000000,13341
57.040000,1729
57.080000,2629
57.120000,3062
57.160000,2513
57.200000,3014
57.240000,2763
57.280000,3388
57.320000,2600
57.360000,3148
57.400000,2887
57.440000,3165
57.480000,2461
57.520000,3595
57.560000,2551
57.600000,3543
57.640000,2985
57.680000,3405
57.720000,2372
57.760000,3386
57.800000,2904
57.840000,2411
57.880000,3270
57.920000,3279
57.960000,3265
58.000000,2034
58.040000,4472
58.080000,2356
58.120000,2819
58.160000,3447
58.200000,2340
58.240000,3387
58.280000,2727
58.320000,3436
58.360000,2283
58.400000,3438
58.440000,1543
58.480000,3994
58.520000,2245
58.560000,2905
58.600000,3552
58.640000,2895
58.680000,2902
58.720000,2933
58.760000,1782
58.800000,3919
58.840000,2713
58.880000,3022
58.920000,3451
58.960000,2077
59.000000,4146
59.040000,2735
59.080000,2844
59.120000,3340
59.160000,3478
59.200000,3025
59.240000,3239
59.280000,2854
59.320000,3021
59.360000,3086
59.400000,2786
59.440000,3178
59.480000,2483
59.520000,3023
59.560000,2895
59.600000,1524
59.640000,3697
59.680000,2803
59.720000,3607
59.760000,2188
59.800000,3458
59.840000,1635
59.880000,3899
59.920000,2449
59.960000,3343
60.000000,4011
60.040000,2622
60.080000,3506
60.120000,2860
60.160000,2790
60.200000,3397
60.240000,3013
60.280000,2540
60.320000,3495
60.360000,3449
60.400000,2886
60.440000,2757
60.480000,2983
60.520000,3274
60.560000,2842
60.600000,2504
60.640000,2809
60.680000,1666
60.720000,3874
60.760000,2415
60.800000,3006
60.840000,1594
60.880000,3895
60.920000,2346
60.960000,2632
61.000000,3548
61.040000,2675
61.080000,3072
61.120000,3343
61.160000,2953
61.200000,3088
61.240000,2578
61.280000,3081
61.320000,2272
61.360000,3177
61.400000,1706
61.440000,3871
61.480000,2610
61.520000,2940
61.560000,1533
61.600000,3768
61.640000,2480
61.680000,3029
61.720000,3021
61.760000,3143
61.800000,3404
61.840000,2386
61.880000,2934
61.920000,2841
61.960000,2375
62.000000,3536
62.040000,2618
62.080000,3072
62.120000,2960
62.160000,2588
62.200000,3311
62.240000,2952
62.280000,2625
62.320000,3366
62.360000,2949
62.400000,3493
62.440000,2876
62.480000,3644
62.520000,1645
62.560000,3976
62.600000,2622
62.640000,3674
62.680000,3023
62.720000,2284
62.760000,3806
62.800000,2100
62.840000,2909
62.880000,2796
62.920000,3094
62.960000,2692
63.000000,3866
63.040000,2384
63.080000,3389
63.120000,2470
63.160000,3168
63.200000,2529
63.240000,3706
63.280000,3397
63.320000,2513
63.360000,3440
63.400000,2854
63.440000,2726
63.480000,3088
63.520000,3023
63.560000,1515
63.600000,3778
63.640000,2975
63.680000,3067
63.720000,3660
63.760000,2346
63.800000,2756
63.840000,3082
63.880000,1687
63.920000,3407
63.960000,2057
64.000000,3744
64.040000,2562
64.080000,2776
64.120000,2273
64.160000,1533
64.200000,3586
64.240000,2995
64.280000,2071
64.320000,3616
64.360000,2263
64.400000,1648
64.440000,3588
64.480000,1526
64.520000,3731
64.560000,1574
64.600000,3837
64.640000,2486
64.680000,2815
64.720000,2944
64.760000,3170
64.800000,3632
64.840000,2723
64.880000,3559
64.920000,2563
64.960000,2608
65.000000,12709
65.040000,2045
65.080000,2495
65.120000,2810
65.160000,2725
65.200000,2339
65.240000,3120
65.280000,1484
65.320000,3586
65.360000,2697
65.400000,2029
65.440000,3721
65.480000,2266
65.520000,2489
65.560000,3051
65.600000,2545
65.640000,3085
65.680000,3446
65.720000,2782
65.760000,2288
65.800000,2698
65.840000,1435
65.880000,3609
65.920000,3519
65.960000,3012
66.000000,4371
66.040000,3834
66.080000,2356
66.120000,3290
66.160000,2354
66.200000,2532
66.240000,3467
66.280000,2536
66.320000,3062
66.360000,2660
66.400000,3176
66.440000,2382
66.480000,2590
66.520000,2786
66.560000,3629
66.600000,2230
66.640000,2683
66.680000,3283
66.720000,2909
66.760000,3096
66.800000,2504
66.840000,2808
66.880000,2331
66.920000,3157
66.960000,2160
67.000000,5765
67.040000,3010
67.080000,2474
67.120000,3662
67.160000,2253
67.200000,2894
67.240000,3419
67.280000,2342
67.320000,2709
67.360000,1406
67.400000,4051
67.440000,3216
67.480000,2924
67.520000,3767
67.560000,2434
67.600000,3087
67.640000,2892
67.680000,2657
67.720000,3074
67.760000,2320
67.800000,2507
67.840000,2599
67.880000,3603
67.920000,2204
67.960000,2235
68.000000,4657
68.040000,2345
68.080000,3015
68.120000,2092
68.160000,2918
68.200000,2626
68.240000,3030
68.280000,3230
68.320000,1455
68.360000,3816
68.400000,2286
68.440000,3958
68.480000,3767
68.520000,3124
68.560000,3080
68.600000,3902
68.640000,3127
68.680000,2582
68.720000,3498
68.760000,2945
68.800000,2376
68.840000,2870
68.880000,3246
68.920000,1369
68.960000,2851
69.000000,6398
69.040000,2593
69.080000,2599
69.120000,1299
69.160000,3598
69.200000,2791
69.240000,3742
69.280000,2125
69.320000,2740
69.360000,3401
69.400000,2826
69.440000,3202
69.480000,3254
69.520000,2562
69.560000,2581
69.600000,2944
69.640000,2171
69.680000,3125
69.720000,2859
69.760000,2869
69.800000,2346
69.840000,2586
69.880000,2765
69.920000,3371
69.960000,2539
70.000000,5521
70.040000,2926
70.080000,3138
70.120000,3058
70.160000,2700
70.200000,2511
70.240000,3393
70.280000,2698
70.320000,3450
70.360000,2507
70.400000,3020
70.440000,1342
70.480000,3471
70.520000,2333
70.560000,2811
70.600000,2804
70.640000,2928
70.680000,3652
70.720000,2834
70.760000,2947
70.800000,4136
70.840000,2913
70.880000,4071
70.920000,2050
70.960000,2491
71.000000,3495
71.040000,2189
71.080000,3252
71.120000,2141
71.160000,2433
71.200000,2676
71.240000,1162
71.280000,3369
71.320000,2280
71.360000,1258
71.400000,3396
71.440000,1370
71.480000,3316
71.520000,1258
71.560000,3122
71.600000,1411
71.640000,3500
71.680000,1237
71.720000,3234
71.760000,1494
71.800000,3815
71.840000,1774
71.880000,1455
71.920000,3439
71.960000,2305
72.000000,1357
72.040000,3363
72.080000,2343
72.120000,1359
72.160000,3494
72.200000,2074
72.240000,2481
72.280000,1379
72.320000,3369
72.360000,2367
72.400000,2484
72.440000,1410
72.480000,3602
72.520000,2501
72.560000,2381
72.600000,3814
72.640000,2784
72.680000,2456
72.720000,2586
72.760000,1352
72.800000,3416
72.840000,2269
72.880000,2997
72.920000,2142
72.960000,2610
73.000000,3183
73.040000,2313
73.080000,2887
73.120000,2049
73.160000,3735
73.200000,2015
73.240000,2430
73.280000,3201
73.320000,2202
73.360000,2391
73.400000,1491
73.440000,3608
73.480000,2682
73.520000,3572
73.560000,2642
73.600000,3230
73.640000,3013
73.680000,3749
73.720000,2954
73.760000,3012
73.800000,2614
73.840000,2939
73.880000,2692
73.920000,2127
73.960000,2378
74.000000,13351
74.040000,1460
74.080000,2892
74.120000,2038
74.160000,2327
74.200000,2929
74.240000,2969
74.280000,2148
74.320000,2402
74.360000,1339
74.400000,3119
74.440000,2640
74.480000,1430
74.520000,3834
74.560000,1853
74.600000,2941
74.640000,2421
74.680000,1330
74.720000,3285
74.760000,1456
74.800000,3334
74.840000,2843
74.880000,1303
74.920000,3431
74.960000,2077
75.000000,4356
75.040000,2369
75.080000,1598
75.120000,3740
75.160000,2197
75.200000,2225
75.240000,3068
75.280000,1929
75.320000,2630
75.360000,2714
75.400000,2683
75.440000,2120
75.480000,2703
75.520000,1409
75.560000,3568
75.600000,1418
75.640000,3909
75.680000,2453
75.720000,2429
75.760000,2592
75.800000,3623
75.840000,2011
75.880000,2381
75.920000,1535
75.960000,3060
76.000000,3276
76.040000,2146
76.080000,2571
76.120000,2218
76.160000,1386
76.200000,2978
76.240000,2584
76.280000,2343
76.320000,3093
76.360000,2114
76.400000,2349
76.440000,2567
76.480000,2872
76.520000,1350
76.560000,3453
76.600000,1513
76.640000,3419
76.680000,1317
76.720000,3158
76.760000,1557
76.800000,3215
76.840000,2529
76.880000,1375
76.920000,3214
76.960000,2030
77.000000,3651
77.040000,1400
77.080000,3120
77.120000,1192
77.160000,3038
77.200000,1488
77.240000,3659
77.280000,1919
77.320000,2946
77.360000,2391
77.400000,3324
77.440000,1769
77.480000,3154
77.520000,1588
77.560000,3186
77.600000,1307
77.640000,3487
77.680000,2456
77.720000,2970
77.760000,1923
77.800000,2960
77.840000,2407
77.880000,2707
77.920000,2004
77.960000,2422
78.000000,3178
78.040000,1364
78.080000,3520
78.120000,1514
78.160000,3314
78.200000,2280
78.240000,2689
78.280000,1436
78.320000,3362
78.360000,1431
78.400000,3126
78.440000,2888
78.480000,2176
78.520000,2381
78.560000,2527
78.600000,1413
78.640000,3588
78.680000,2427
78.720000,2311
78.760000,3115
78.800000,2014
78.840000,2286
78.880000,3388
78.920000,1911
78.960000,2194
79.000000,3173
79.040000,2142
79.080000,2951
79.120000,1188
79.160000,3598
79.200000,1875
79.240000,1523
79.280000,3348
79.320000,2506
79.360000,1248
79.400000,2994
79.440000,1469
79.480000,3307
79.520000,1416
79.560000,3416
79.600000,1959
79.640000,1549
79.680000,3009
79.720000,2802
79.760000,2325
79.800000,2191
79.840000,3055
79.880000,2125
79.920000,2498
79.960000,2113
80.000000,3038
80.040000,2324
80.080000,2726
80.120000,2127
80.160000,2272
80.200000,2444
80.240000,1471
80.280000,3316
80.320000,2615
80.360000,1539
80.400000,3412
80.440000,1933
80.480000,2388
80.520000,2407
80.560000,2567
80.600000,1943
80.640000,3020
80.680000,2783
80.720000,1240
80.760000,3024
80.800000,1420
80.840000,3204
80.880000,1312
80.920000,2768
80.960000,2106
81.000000,3072
81.040000,2189
81.080000,1962
81.120000,1388
81.160000,3203
81.200000,2223
81.240000,2790
81.280000,1570
81.320000,2927
81.360000,1403
81.400000,3087
81.440000,2885
81.480000,1410
81.520000,3038
81.560000,2572
81.600000,2793
81.640000,3430
81.680000,2041
81.720000,2186
81.760000,2705
81.800000,2512
81.840000,2429
81.880000,2706
81.920000,1529
81.960000,2703
82.000000,3043
82.040000,2225
82.080000,2557
82.120000,1389
82.160000,2982
82.200000,2467
82.240000,2072
82.280000,2338
82.320000,1368
82.360000,3239
82.400000,2352
82.440000,1198
82.480000,3024
82.520000,2209
82.560000,1408
82.600000,3276
82.640000,1825
82.680000,2305
82.720000,1306
82.760000,3004
82.800000,2571
82.840000,1413
82.880000,3413
82.920000,1464
82.960000,2671
83.000000,12153
83.040000,1639
83.080000,2472
83.120000,2000
83.160000,2159
83.200000,2240
83.240000,2603
83.280000,1805
83.320000,2508
83.360000,1276
83.400000,2853
83.440000,2414
83.480000,1406
83.520000,3417
83.560000,1853
83.600000,2285
83.640000,1387
83.680000,3176
83.720000,2507
83.760000,2661
83.800000,1965
83.840000,2377
83.880000,1369
83.920000,2790
83.960000,2065
84.000000,2970
84.040000,1434
84.080000,2906
84.120000,1476
84.160000,2948
84.200000,1318
84.240000,2998
84.280000,1451
84.320000,3294
84.360000,2193
84.400000,2406
84.440000,2619
84.480000,1935
84.520000,2343
84.560000,2541
84.600000,2581
84.640000,1922
84.680000,2269
84.720000,3022
84.760000,1941
84.800000,2905
84.840000,2602
84.880000,1880
84.920000,2441
84.960000,2114
85.000000,3012
85.040000,2164
85.080000,3181
85.120000,2034
85.160000,2131
85.200000,2399
85.240000,2631
85.280000,1977
85.320000,2340
85.360000,2541
85.400000,1880
85.440000,2706
85.480000,2346
85.520000,2321
85.560000,2325
85.600000,2630
85.640000,2898
85.680000,1917
85.720000,2809
85.760000,1820
85.800000,2542
85.840000,2099
85.880000,2931
85.920000,1840
85.960000,2516
86.000000,2810
86.040000,2823
86.080000,2520
86.120000,2833
86.160000,2444
86.200000,2495
86.240000,2212
86.280000,2607
86.320000,1985
86.360000,2381
86.400000,2605
86.440000,3104
86.480000,2442
86.520000,2367
86.560000,3459
86.600000,1894
86.640000,2950
86.680000,2418
86.720000,3028
86.760000,2129
86.800000,2859
86.840000,2314
86.880000,2266
86.920000,2965
86.960000,1728
87.000000,5428
87.040000,2264
87.080000,2569
87.120000,2744
87.160000,2213
87.200000,2861
87.240000,2132
87.280000,2376
87.320000,2763
87.360000,2232
87.400000,2508
87.440000,2816
87.480000,2013
87.520000,2467
87.560000,2715
87.600000,2108
87.640000,2500
87.680000,2375
87.720000,2955
87.760000,1863
87.800000,2730
87.840000,2288
87.880000,2672
87.920000,2128
87.960000,2177
88.000000,3442
88.040000,2692
88.080000,2692
88.120000,1936
88.160000,2793
88.200000,2344
88.240000,3150
88.280000,2274
88.320000,2394
88.360000,3104
88.400000,2617
88.440000,2319
88.480000,3065
88.520000,2467
88.560000,2483
88.600000,3042
88.640000,2239
88.680000,2685
88.720000,2449
88.760000,2797
88.800000,2146
88.840000,2664
88.880000,2616
88.920000,3045
88.960000,2080
89.000000,4764
89.040000,2505
89.080000,2994
89.120000,2862
89.160000,2289
89.200000,2757
89.240000,3106
89.280000,2413
89.320000,2485
89.360000,3247
89.400000,2352
89.440000,2554
89.480000,3019
89.520000,2722
89.560000,2695
89.600000,2595
89.640000,3093
89.680000,2108
89.720000,2700
89.760000,2432
89.800000,3384
89.840000,2381
89.880000,2487
89.920000,2716
89.960000,2527
90.000000,3336
90.040000,2681
90.080000,2608
90.120000,2839
90.160000,2797
90.200000,2350
90.240000,2706
90.280000,2986
90.320000,3039
90.360000,2789
90.400000,2666
90.440000,3086
90.480000,3163
90.520000,2654
90.560000,2771
90.600000,3039
90.640000,3156
90.680000,2515
90.720000,2677
90.760000,3108
90.800000,2671
90.840000,3501
90.880000,2744
90.920000,3217
90.960000,2794
91.000000,3766
91.040000,3110
91.080000,3024
91.120000,2901
91.160000,2974
91.200000,3059
91.240000,2934
91.280000,3080
91.320000,2712
91.360000,3381
91.400000,2521
91.440000,3143
91.480000,3048
91.520000,3186
91.560000,2753
91.600000,3319
91.640000,3259
91.680000,2664
91.720000,3202
91.760000,3534
91.800000,2721
91.840000,10950
91.880000,2545
91.920000,3421
91.960000,3065
92.000000,4488
92.040000,2875
92.080000,3522
92.120000,3475
92.160000,2877
92.200000,3216
92.240000,3218
92.280000,3391
92.320000,3252
92.360000,2826
92.400000,3432
92.440000,2647
92.480000,3446
92.520000,3214
92.560000,3630
92.600000,2824
92.640000,3617
92.680000,3369
92.720000,2798
92.760000,3901
92.800000,2883
92.840000,3555
92.880000,3543
92.920000,2874
92.960000,3427
93.000000,3761
93.040000,3593
93.080000,3194
93.120000,3640
93.160000,3541
93.200000,3367
93.240000,3683
93.280000,4120
93.320000,3151
93.360000,4069
93.400000,3073
93.440000,4234
93.480000,3204
93.520000,3773
93.560000,3982
93.600000,3598
93.640000,3631
93.680000,4072
93.720000,3418
93.760000,3587
93.800000,4213
93.840000,3192
93.880000,4048
93.920000,3482
93.960000,3255
94.000000,4969
94.040000,3262
94.080000,4034
94.120000,3290
94.160000,4267
94.200000,3432
94.240000,3560
94.280000,4140
94.320000,3133
94.360000,4147
94.400000,3197
94.440000,4120
94.480000,3475
94.520000,3650
94.560000,4037
94.600000,4087
94.640000,3655
94.680000,4131
94.720000,4002
94.760000,3699
94.800000,3477
94.840000,3803
94.880000,3946
94.920000,3763
94.960000,3553
95.000000,4417
95.040000,3997
95.080000,3313
95.120000,4116
95.160000,3483
95.200000,4140
95.240000,3592
95.280000,4187
95.320000,3458
95.360000,4323
95.400000,3542
95.440000,4240
95.480000,3592
95.520000,4396
95.560000,3749
95.600000,4386
95.640000,4012
95.680000,4084
95.720000,3972
95.760000,4731
95.800000,4002
95.840000,4328
95.880000,4244
95.920000,4801
95.960000,4235
96.000000,5591
96.040000,3890
96.080000,4360
96.120000,4363
96.160000,4609
96.200000,3766
96.240000,4480
96.280000,3881
96.320000,4431
96.360000,3815
96.400000,4688
96.440000,4472
96.480000,4738
96.520000,4462
96.560000,4766
96.600000,5069
96.640000,4163
96.680000,4986
96.720000,5206
96.760000,4454
96.800000,4730
96.840000,4923
96.880000,5083
96.920000,5379
96.960000,4583
97.000000,6623
97.040000,5133
97.080000,4690
97.120000,4626
97.160000,6048
97.200000,5145
97.240000,5290
97.280000,5257
97.320000,5275
97.360000,5399
97.400000,5190
97.440000,5070
97.480000,4947
97.520000,5014
97.560000,5159
97.600000,6000
97.640000,6256
97.680000,5748
97.720000,5426
97.760000,5212
97.800000,5081
97.840000,5196
97.880000,5071
97.920000,5248
97.960000,5025
98.000000,14651
98.040000,4795
98.080000,5902
98.120000,5617
98.160000,5501
98.200000,5666
98.240000,5994
98.280000,5480
98.320000,5561
98.360000,6396
98.400000,6754
98.440000,6967
98.480000,7386
98.520000,7496
98.560000,7673
98.600000,6790
98.640000,8018
98.680000,6722
98.720000,8350
98.760000,6720
98.800000,6874
98.840000,9502
98.880000,7550
98.920000,7482
98.960000,7477
99.000000,10594
99.040000,7725
99.080000,8763
99.120000,8874
99.160000,7600
99.200000,8709
99.240000,9118
99.280000,10433
99.320000,11008
99.360000,9453
99.400000,9470
99.440000,9480
99.480000,9350
99.520000,10090
99.560000,9003
99.600000,9475
99.640000,9768
99.680000,9312
99.720000,9792
99.760000,9558
99.800000,9618
99.840000,11518
99.880000,8817
99.920000,10493
99.960000,9557
100.000000,12435
100.040000,10111
100.080000,10208
100.120000,8956
100.160000,10430
100.200000,9466
100.240000,9493
100.280000,10130
100.320000,9585
100.360000,9799
100.400000,8965
100.440000,9815
100.480000,10653
100.520000,10576
100.560000,10417
100.600000,9336
100.640000,9182
100.680000,8126
100.720000,8673
100.760000,8489
100.800000,7430
100.840000,8111
100.880000,8610
100.920000,7605
100.960000,7299
101.000000,10388
101.040000,8114
101.080000,8035
101.120000,8283
101.160000,8377
101.200000,9105
101.240000,9663
101.280000,8563
101.320000,10110
101.360000,8488
101.400000,9304
101.440000,8843
101.480000,10007
101.520000,8481
101.560000,9905
101.600000,8626
101.640000,9448
101.680000,8847
101.720000,8815
101.760000,8920
101.800000,8452
101.840000,8458
101.880000,9526
101.920000,9872
101.960000,9428
102.000000,11124
102.040000,11177
102.080000,11491
102.120000,11006
102.160000,10403
102.200000,9851
102.240000,10148
102.280000,10786
102.320000,12268
102.360000,11237
102.400000,11866
102.440000,12226
102.480000,12433
102.520000,13008
102.560000,13636
102.600000,13794
102.640000,14540
102.680000,15138
102.720000,15432
102.760000,15163
102.800000,14394
102.840000,14769
102.880000,14760
102.920000,15003
102.960000,14567
103.000000,16092
103.040000,14741
103.080000,14852
103.120000,14193
103.160000,13750
103.200000,13970
103.240000,13792
103.280000,13469
103.320000,13372
103.360000,13147
103.400000,11941
103.440000,13019
103.480000,14988
103.520000,15486
103.560000,13963
103.600000,14631
103.640000,15896
103.680000,17846
103.720000,18875
103.760000,18268
103.800000,19027
103.840000,18998
103.880000,20410
103.920000,20454
103.960000,19106
104.000000,20721
104.040000,21003
104.080000,20774
104.120000,20643
104.160000,17722
104.200000,16084
104.240000,16841
104.280000,24377
104.320000,16711
104.360000,16814
104.400000,16788
104.440000,17412
104.480000,16243
104.520000,15796
104.560000,16007
104.600000,14558
104.640000,15200
104.680000,14522
104.720000,14973
104.760000,12909
104.800000,15685
104.840000,16338
104.880000,15076
104.920000,16092
104.960000,15535
105.000000,17252
105.040000,15157
105.080000,14605
105.120000,15076
105.160000,15230
105.200000,15304
105.240000,14735
105.280000,14262
105.320000,14510
105.360000,14081
105.400000,12616
105.440000,11452
105.480000,11427
105.520000,13545
105.560000,13516
105.600000,12386
105.640000,12831
105.680000,12605
105.720000,11902
105.760000,12296
105.800000,12069
105.840000,11889
105.880000,11614
105.920000,11617
105.960000,11668
106.000000,15352
106.040000,13404
106.080000,12083
106.120000,10876
106.160000,10321
106.200000,9699
106.240000,10099
106.280000,11160
106.320000,12220
106.360000,12087
106.400000,11334
106.440000,10623
106.480000,11923
106.520000,12461
106.560000,12349
106.600000,10805
106.640000,10595
106.680000,9948
106.720000,10279
106.760000,11108
106.800000,11763
106.840000,11059
106.880000,10349
106.920000,9450
106.960000,9439
107.000000,11247
107.040000,9151
107.080000,10455
107.120000,11163
107.160000,11978
107.200000,12003
107.240000,11104
107.280000,11273
107.320000,10134
107.360000,9474
107.400000,8527
107.440000,8853
107.480000,10026
107.520000,10348
107.560000,10138
107.600000,9027
107.640000,8996
107.680000,10307
107.720000,9765
107.760000,9042
107.800000,8595
107.840000,6830
107.880000,9768
107.920000,9760
107.960000,9044
108.000000,10836
108.040000,10225
108.080000,9845
108.120000,6414
108.160000,10059
108.200000,9912
108.240000,9987
108.280000,7258
108.320000,10079
108.360000,6635
108.400000,10671
108.440000,7617
108.480000,9865
108.520000,6459
108.560000,9190
108.600000,9436
108.640000,9956
108.680000,9722
108.720000,6981
108.760000,8984
108.800000,6979
108.840000,9599
108.880000,6206
108.920000,9078
108.960000,9282
109.000000,10907
109.040000,7452
109.080000,10388
109.120000,9858
109.160000,9291
109.200000,7233
109.240000,9343
109.280000,6221
109.320000,9534
109.360000,6857
109.400000,9510
109.440000,6419
109.480000,9890
109.520000,6929
109.560000,9155
109.600000,5966
109.640000,9626
109.680000,6130
109.720000,8502
109.760000,6715
109.800000,9972
109.840000,6421
109.880000,9359
109.920000,6445
109.960000,9031
110.000000,6224
110.040000,7860
110.080000,4173
110.120000,7014
110.160000,4961
110.200000,8557
110.240000,6254
110.280000,8279
110.320000,5052
110.360000,8706
110.400000,5631
110.440000,7820
110.480000,4140
110.520000,7272
110.560000,4626
110.600000,7593
110.640000,7421
110.680000,5440
110.720000,8388
110.760000,4694
110.800000,7901
110.840000,4941
110.880000,8226
110.920000,5986
110.960000,8711
111.000000,4280
111.040000,7149
111.080000,3332
111.120000,6216
111.160000,4393
111.200000,7606
111.240000,3643
111.280000,6732
111.320000,3755
111.360000,7404
111.400000,5748
111.440000,8246
111.480000,4816
111.520000,7160
111.560000,4297
111.600000,7305
111.640000,4597
111.680000,7618
111.720000,4465
111.760000,6969
111.800000,3804
111.840000,6622
111.880000,4203
111.920000,7712
111.960000,5054
112.000000,7794
112.040000,4059
112.080000,6968
112.120000,3697
112.160000,7404
112.200000,4688
112.240000,7425
112.280000,4310
112.320000,7359
112.360000,4045
112.400000,7045
112.440000,3700
112.480000,6843
112.520000,4077
112.560000,8217
112.600000,4803
112.640000,7528
112.680000,4586
112.720000,6974
112.760000,3670
112.800000,6805
112.840000,3567
112.880000,6771
112.920000,3561
112.960000,6492
113.000000,3420
113.040000,6594
113.080000,2803
113.120000,6420
113.160000,2917
113.200000,6252
113.240000,2798
113.280000,6019
113.320000,3115
113.360000,6671
113.400000,3271
113.440000,6438
113.480000,3604
113.520000,7013
113.560000,3175
113.600000,6205
113.640000,3420
113.680000,6378
113.720000,3425
113.760000,6663
113.800000,4557
113.840000,8174
113.880000,4415
113.920000,7160
113.960000,4127
114.000000,8277
114.040000,3816
114.080000,6527
114.120000,2939
114.160000,6185
114.200000,2758
114.240000,5814
114.280000,19622
114.320000,3494
114.360000,7116
114.400000,3444
114.440000,6013
114.480000,2664
114.520000,6171
114.560000,3079
114.600000,6178
114.640000,3843
114.680000,7322
114.720000,4491
114.760000,7520
114.800000,3780
114.840000,6473
114.880000,2886
114.920000,6434
114.960000,3204
115.000000,7323
115.040000,2845
115.080000,6020
115.120000,2458
115.160000,6045
115.200000,2481
115.240000,5734
115.280000,2199
115.320000,5731
115.360000,2244
115.400000,5599
115.440000,2101
115.480000,5530
115.520000,2379
115.560000,5525
115.600000,2276
115.640000,5565
115.680000,2029
115.720000,5232
115.760000,1949
115.800000,4977
115.840000,2356
115.880000,5480
115.920000,2283
115.960000,5139
116.000000,2318
116.040000,6147
116.080000,2782
116.120000,5902
116.160000,2890
116.200000,6044
116.240000,2763
116.280000,5887
116.320000,2614
116.360000,5818
116.400000,2516
116.440000,5697
116.480000,2533
116.520000,5730
116.560000,2731
116.600000,6158
116.640000,3037
116.680000,5968
116.720000,2267
116.760000,6005
116.800000,2401
116.840000,5796
116.880000,2236
116.920000,2092
116.960000,5705
117.000000,2267
117.040000,5794
117.080000,3187
117.120000,6252
117.160000,2759
117.200000,5973
117.240000,2611
117.280000,5650
117.320000,2621
117.360000,5722
117.400000,2534
117.440000,5656
117.480000,3004
117.520000,6578
117.560000,2953
117.600000,5840
117.640000,2495
117.680000,5699
117.720000,2467
117.760000,5658
117.800000,2458
117.840000,5678
117.880000,2696
117.920000,6094
117.960000,3387
118.000000,7976
118.040000,3330
118.080000,6065
118.120000,2882
118.160000,6054
118.200000,3020
118.240000,6229
118.280000,2808
118.320000,6125
118.360000,2749
118.400000,5911
118.440000,2560
118.480000,6116
118.520000,2947
118.560000,6197
118.600000,3308
118.640000,6517
118.680000,3061
118.720000,6234
118.760000,3011
118.800000,5907
118.840000,2552
118.880000,5778
118.920000,2180
118.960000,5295
119.000000,2436
119.040000,5846
119.080000,2505
119.120000,5641
119.160000,2346
119.200000,5404
119.240000,2389
119.280000,5660
119.320000,2518
119.360000,5934
119.400000,2763
119.440000,5597
119.480000,2311
119.520000,5655
119.560000,2714
119.600000,5830
119.640000,2365
119.680000,5253
119.720000,2097
119.760000,5410
119.800000,1826
119.840000,4855
119.880000,1522
119.920000,4763
119.960000,1480
120.000000,5993
120.040000,1314
120.080000,1981
120.120000,1504
120.160000,6198
120.200000,1427
120.240000,1535
120.280000,5543
120.320000,1770
120.360000,1289
120.400000,5243
120.440000,1285
120.480000,1397
120.520000,5632
120.560000,1182
120.600000,1270
120.640000,5565
120.680000,1204
120.720000,1380
120.760000,5413
120.800000,1712
120.840000,5057
120.880000,1291
120.920000,4656
120.960000,1233
121.000000,5453
121.040000,1036
121.080000,1677
121.120000,1302
121.160000,5682
121.200000,1126
121.240000,1189
121.280000,5121
121.320000,1392
121.360000,1231
121.400000,5272
121.440000,1244
121.480000,1818
121.520000,1357
121.560000,5740
121.600000,1545
121.640000,4650
121.680000,1355
121.720000,4726
121.760000,1302
121.800000,1791
121.840000,1296
121.880000,5673
121.920000,1483
121.960000,4426
122.000000,1383
122.040000,5109
122.080000,1985
122.120000,1765
122.160000,5918
122.200000,1460
122.240000,1824
122.280000,1283
122.320000,6272
122.360000,1292
122.400000,2052
122.440000,1689
122.480000,6209
122.520000,1470
122.560000,4880
122.600000,1375
122.640000,1483
122.680000,5461
122.720000,1613
122.760000,6022
122.800000,2874
122.840000,5667
122.880000,1571
122.920000,4859
122.960000,1639
123.000000,6031
123.040000,1328
123.080000,1134
123.120000,5495
123.160000,951
123.200000,1485
123.240000,1077
123.280000,5737
123.320000,1320
123.360000,4975
123.400000,1457
123.440000,5144
123.480000,1559
123.520000,5035
123.560000,1421
123.600000,5013
123.640000,1262
123.680000,1533
123.720000,6278
123.760000,1469
123.800000,1538
123.840000,5835
123.880000,1379
123.920000,1658
123.960000,5499
124.000000,1397
124.040000,5104
124.080000,1465
124.120000,1320
124.160000,6319
124.200000,1142
124.240000,4911
124.280000,21299
124.320000,1302
124.360000,1967
124.400000,1390
124.440000,6254
124.480000,1829
124.520000,2035
124.560000,6055
124.600000,1683
124.640000,5065
124.680000,1433
124.720000,4807
124.760000,1263
124.800000,1673
124.840000,5789
124.880000,1493
124.920000,5051
124.960000,1279
125.000000,5644
125.040000,1541
125.080000,1618
125.120000,6352
125.160000,1563
125.200000,4949
125.240000,1326
125.280000,1469
125.320000,5680
125.360000,1512
125.400000,5512
125.440000,1196
125.480000,5021
125.520000,1263
125.560000,1247
125.600000,5757
125.640000,1087
125.680000,1181
125.720000,5850
125.760000,1747
125.800000,2062
125.840000,6273
125.880000,1776
125.920000,5593
125.960000,1469
126.000000,5554
126.040000,1147
126.080000,1190
126.120000,5695
126.160000,1307
126.200000,5329
126.240000,1408
126.280000,5268
126.320000,1545
126.360000,4980
126.400000,1344
126.440000,4948
126.480000,1169
126.520000,4722
126.560000,1392
126.600000,4794
126.640000,1339
126.680000,4956
126.720000,1304
126.760000,5074
126.800000,1592
126.840000,5095
126.880000,1495
126.920000,5323
126.960000,1661
127.000000,6415
127.040000,1195
127.080000,1707
127.120000,949
127.160000,6061
127.200000,1050
127.240000,4821
127.280000,1190
127.320000,4668
127.360000,1006
127.400000,1199
127.440000,5512
127.480000,1055
127.520000,4648
127.560000,1308
127.600000,4942
127.640000,1204
127.680000,1726
127.720000,5680
127.760000,1528
127.800000,5177
127.840000,1351
127.880000,5133
127.920000,1090
127.960000,4544
128.000000,1090
128.040000,4594
128.080000,1163
128.120000,4564
128.160000,1023
128.200000,4607
128.240000,1143
128.280000,4800
128.320000,1150
128.360000,1364
128.400000,5376
128.440000,1358
128.480000,4711
128.520000,1507
128.560000,5091
128.600000,1825
128.640000,4580
128.680000,1136
128.720000,4851
128.760000,1031
128.800000,4663
128.840000,1179
128.880000,1560
128.920000,5414
128.960000,1189
129.000000,4969
129.040000,947
129.080000,896
129.120000,5114
129.160000,1264
129.200000,4583
129.240000,1429
129.280000,4711
129.320000,1177
129.360000,4469
129.400000,897
129.440000,4166
129.480000,998
129.520000,4538
129.560000,1215
129.600000,1189
129.640000,5165
129.680000,957
129.720000,4360
129.760000,1019
129.800000,4724
129.840000,1669
129.880000,4639
129.920000,1084
129.960000,4301
130.000000,1326
130.040000,4826
130.080000,913
130.120000,965
130.160000,5158
130.200000,1024
130.240000,4405
130.280000,1092
130.320000,1281
130.360000,5332
130.400000,1517
130.440000,4609
130.480000,1657
130.520000,4605
130.560000,950
130.600000,4327
130.640000,965
130.680000,3801
130.720000,1220
130.760000,4642
130.800000,2175
130.840000,4879
130.880000,1512
130.920000,4393
130.960000,1325
131.000000,4660
131.040000,1278
131.080000,4609
131.120000,1149
131.160000,4224
131.200000,1096
131.240000,3966
131.280000,1126
131.320000,4092
131.360000,1479
131.400000,4434
131.440000,1667
131.480000,4670
131.520000,1440
131.560000,4422
131.600000,1163
131.640000,4730
131.680000,1144
131.720000,3906
131.760000,1282
131.800000,4545
131.840000,1420
131.880000,4649
131.920000,1126
131.960000,4124
132.000000,1182
132.040000,4626
132.080000,1225
132.120000,4272
132.160000,1284
132.200000,4537
132.240000,1600
132.280000,4708
132.320000,1373
132.360000,1324
132.400000,4871
132.440000,1437
132.480000,4823
132.520000,1373
132.560000,4635
132.600000,1316
132.640000,4539
132.680000,1454
132.720000,4744
132.760000,1801
132.800000,4938
132.840000,1869
132.880000,4718
132.920000,3640
132.960000,1383
133.000000,5316
133.040000,1719
133.080000,4648
133.120000,1299
133.160000,4415
133.200000,1051
133.240000,4557
133.280000,1765
133.320000,4337
133.360000,1136
133.400000,4295
133.440000,1190
133.480000,4551
133.520000,1318
133.560000,4297
133.600000,938
133.640000,4020
133.680000,1078
133.720000,3940
133.760000,1199
133.800000,4187
133.840000,1446
133.880000,4318
133.920000,1310
133.960000,4170
134.000000,1165
134.040000,3968
134.080000,892
134.120000,3722
134.160000,1203
134.200000,4165
134.240000,1691
134.280000,19312
134.320000,1021
134.360000,3079
134.400000,1085
134.440000,4087
134.480000,1612
134.520000,4279
134.560000,1286
134.600000,3996
134.640000,1281
134.680000,4218
134.720000,1262
134.760000,4232
134.800000,1635
134.840000,4870
134.880000,3077
134.920000,6024
134.960000,3264
135.000000,6112
135.040000,2302
135.080000,5186
135.120000,1678
135.160000,4364
135.200000,1090
135.240000,3889
135.280000,1190
135.320000,3824
135.360000,2189
135.400000,5771
135.440000,6557
135.480000,3412
135.520000,6081
135.560000,1700
135.600000,4980
135.640000,1129
135.680000,4069
135.720000,732
135.760000,1007
135.800000,4548
135.840000,1230
135.880000,3906
135.920000,3561
135.960000,2345
136.000000,6256
136.040000,1798
136.080000,1160
136.120000,4841
136.160000,993
136.200000,1082
136.240000,4640
136.280000,1382
136.320000,4200
136.360000,1648
136.400000,4633
136.440000,1326
136.480000,3686
136.520000,857
136.560000,3822
136.600000,930
136.640000,3784
136.680000,1166
136.720000,4165
136.760000,1436
136.800000,4081
136.840000,1441
136.880000,4173
136.920000,938
136.960000,3650
137.000000,856
137.040000,3705
137.080000,980
137.120000,3695
137.160000,1497
137.200000,4252
137.240000,1361
137.280000,4150
137.320000,1262
137.360000,3961
137.400000,1437
137.440000,4181
137.480000,1475
137.520000,4149
137.560000,1595
137.600000,4575
137.640000,1817
137.680000,4195
137.720000,1811
137.760000,4576
137.800000,1543
137.840000,4554
137.880000,1247
137.920000,1284
137.960000,4553
138.000000,1505
138.040000,4300
138.080000,1204
138.120000,992
138.160000,4349
138.200000,755
138.240000,3504
138.280000,1344
138.320000,4831
138.360000,2828
138.400000,5677
138.440000,3390
138.480000,6157
138.520000,2928
138.560000,5541
138.600000,1776
138.640000,4759
138.680000,1274
138.720000,4464
138.760000,1129
138.800000,1134
138.840000,4398
138.880000,978
138.920000,972
138.960000,4098
139.000000,1206
139.040000,3998
139.080000,917
139.120000,901
139.160000,4413
139.200000,1013
139.240000,972
139.280000,4411
139.320000,1113
139.360000,997
139.400000,4794
139.440000,1615
139.480000,4435
139.520000,1375
139.560000,4476
139.600000,1221
139.640000,972
139.680000,4666
139.720000,841
139.760000,939
139.800000,4215
139.840000,777
139.880000,1186
139.920000,685
139.960000,4085
140.000000,930
140.040000,982
140.080000,4030
140.120000,1394
140.160000,4037
140.200000,1323
140.240000,1254
140.280000,4351
140.320000,1037
140.360000,1320
140.400000,4313
140.440000,1495
140.480000,3665
140.520000,1445
140.560000,4864
140.600000,2080
140.640000,1195
140.680000,3839
140.720000,838
140.760000,999
140.800000,3891
140.840000,1260
140.880000,3688
140.920000,1768
140.960000,4014
141.000000,1359
141.040000,4589
141.080000,666
141.120000,1200
141.160000,701
141.200000,4428
141.240000,874
141.280000,1271
141.320000,4813
141.360000,1123
141.400000,1219
141.440000,4049
141.480000,1042
141.520000,3737
141.560000,1620
141.600000,4074
141.640000,1093
141.680000,3702
141.720000,813
141.760000,1194
141.800000,863
141.840000,3932
141.880000,755
141.920000,691
141.960000,3506
142.000000,603
142.040000,753
142.080000,4007
142.120000,1202
142.160000,1501
142.200000,1068
142.240000,4736
142.280000,1158
142.320000,1587
142.360000,783
142.400000,4242
142.440000,639
142.480000,980
142.520000,659
142.560000,3803
142.600000,952
142.640000,1605
142.680000,1248
142.720000,4344
142.760000,1190
142.800000,894
142.840000,3463
142.880000,860
142.920000,960
142.960000,3706
143.000000,1927
143.040000,4640
143.080000,2738
143.120000,5578
143.160000,2995
143.200000,4983
143.240000,1546
143.280000,1400
143.320000,4363
143.360000,1271
143.400000,1067
143.440000,3715
143.480000,863
143.520000,1445
143.560000,3872
143.600000,1663
143.640000,3930
143.680000,1183
143.720000,3898
143.760000,886
143.800000,5307
143.840000,696
143.880000,6558
143.920000,709
143.960000,6497
144.000000,1326
144.040000,1006
144.080000,617
144.120000,6584
144.160000,613
144.200000,871
144.240000,2090
144.280000,21115
144.320000,778
144.360000,1223
144.400000,1092
144.440000,5761
144.480000,838
144.520000,1372
144.560000,971
144.600000,5373
144.640000,1060
144.680000,1124
144.720000,603
144.760000,4903
144.800000,842
144.840000,1523
144.880000,1379
144.920000,5585
144.960000,1752
145.000000,1521
145.040000,888
145.080000,5181
145.120000,488
145.160000,941
145.200000,571
145.240000,4718
145.280000,757
145.320000,1440
145.360000,973
145.400000,5189
145.440000,866
145.480000,1137
145.520000,1017
145.560000,5512
145.600000,2173
145.640000,2852
145.680000,1998
145.720000,5453
145.760000,1834
145.800000,1980
145.840000,5289
145.880000,1381
145.920000,4970
145.960000,1128
146.000000,5701
146.040000,523
146.080000,5700
146.120000,1185
146.160000,5952
146.200000,790
146.240000,5595
146.280000,1121
146.320000,5411
146.360000,1364
146.400000,5287
146.440000,2056
146.480000,4966
146.520000,2097
146.560000,4764
146.600000,1977
146.640000,4515
146.680000,3719
146.720000,882
146.760000,3752
146.800000,1001
146.840000,3315
146.880000,1192
146.920000,3243
146.960000,1492
147.000000,4300
147.040000,1789
147.080000,3705
147.120000,2911
147.160000,2595
147.200000,2295
147.240000,749
147.280000,2959
147.320000,584
147.360000,2835
147.400000,784
147.440000,3149
147.480000,1036
147.520000,3270
147.560000,937
147.600000,3642
147.640000,807
147.680000,3222
147.720000,682
147.760000,2944
147.800000,755
147.840000,3116
147.880000,698
147.920000,3221
147.960000,788
148.000000,3879
148.040000,885
148.080000,708
148.120000,3261
148.160000,648
148.200000,675
148.240000,3322
148.280000,766
148.320000,740
148.360000,3305
148.400000,806
148.440000,814
148.480000,3267
148.520000,817
148.560000,3021
148.600000,852
148.640000,3176
148.680000,856
148.720000,3170
148.760000,777
148.800000,3166
148.840000,1045
148.880000,3269
148.920000,988
148.960000,3593
149.000000,929
149.040000,3515
149.080000,700
149.120000,1120
149.160000,730
149.200000,3673
149.240000,898
149.280000,781
149.320000,3457
149.360000,750
149.400000,2824
149.440000,675
149.480000,3146
149.520000,732
149.560000,3099
149.600000,799
149.640000,3112
149.680000,1063
149.720000,3191
149.760000,1378
149.800000,3621
149.840000,1500
149.880000,3764
149.920000,1846
149.960000,3724
150.000000,1582
150.040000,3767
150.080000,1086
150.120000,3309
150.160000,972
150.200000,3136
150.240000,866
150.280000,3016
150.320000,894
150.360000,3046
150.400000,773
150.440000,3283
150.480000,811
150.520000,3378
150.560000,754
150.600000,3163
150.640000,827
150.680000,3307
150.720000,693
150.760000,3118
150.800000,695
150.840000,3094
150.880000,831
150.920000,3241
150.960000,875
151.000000,3793
151.040000,917
151.080000,3090
151.120000,945
151.160000,3074
151.200000,745
151.240000,2910
151.280000,706
151.320000,710
151.360000,3518
151.400000,826
151.440000,3190
151.480000,886
151.520000,3221
151.560000,701
151.600000,2796
151.640000,582
151.680000,2877
151.720000,630
151.760000,2715
151.800000,822
151.840000,2787
151.880000,800
151.920000,2820
151.960000,990
152.000000,3287
152.040000,695
152.080000,3223
152.120000,1406
152.160000,3563
152.200000,849
152.240000,3255
152.280000,828
152.320000,3224
152.360000,994
152.400000,3431
152.440000,1198
152.480000,3575
152.520000,1177
152.560000,3548
152.600000,790
152.640000,3063
152.680000,841
152.720000,3023
152.760000,844
152.800000,3035
152.840000,934
152.880000,3025
152.920000,831
152.960000,2662
153.000000,557
153.040000,2931
153.080000,782
153.120000,2945
153.160000,975
153.200000,2975
153.240000,947
153.280000,3060
153.320000,726
153.360000,3228
153.400000,777
153.440000,3343
153.480000,1255
153.520000,3550
153.560000,1484
153.600000,3632
153.640000,1096
153.680000,3265
153.720000,717
153.760000,2995
153.800000,595
153.840000,2788
153.880000,730
153.920000,2974
153.960000,902
154.000000,3478
154.040000,797
154.080000,2889
154.120000,928
154.160000,3064
154.200000,707
154.240000,2898
154.280000,19170
154.320000,706
154.360000,2268
154.400000,710
154.440000,2432
154.480000,932
154.520000,2947
154.560000,843
154.600000,2898
154.640000,662
154.680000,2562
154.720000,678
154.760000,2498
154.800000,511
154.840000,2463
154.880000,567
154.920000,2867
154.960000,826
155.000000,3807
155.040000,857
155.080000,1179
155.120000,797
155.160000,3688
155.200000,651
155.240000,657
155.280000,3344
155.320000,960
155.360000,3208
155.400000,963
155.440000,3264
155.480000,764
155.520000,3267
155.560000,742
155.600000,3026
155.640000,666
155.680000,3074
155.720000,879
155.760000,2909
155.800000,658
155.840000,2920
155.880000,684
155.920000,2804
155.960000,824
156.000000,3194
156.040000,857
156.080000,3205
156.120000,863
156.160000,3039
156.200000,779
156.240000,2967
156.280000,812
156.320000,791
156.360000,3164
156.400000,662
156.440000,2884
156.480000,743
156.520000,2621
156.560000,650
156.600000,2587
156.640000,927
156.680000,2744
156.720000,822
156.760000,2768
156.800000,664
156.840000,2811
156.880000,702
156.920000,2674
156.960000,708
157.000000,3582
157.040000,711
157.080000,2903
157.120000,760
157.160000,763
157.200000,3222
157.240000,676
157.280000,3204
157.320000,678
157.360000,2629
157.400000,802
157.440000,2995
157.480000,848
157.520000,3031
157.560000,812
157.600000,2957
157.640000,712
157.680000,2874
157.720000,711
157.760000,2625
157.800000,685
157.840000,2735
157.880000,702
157.920000,2674
157.960000,800
158.000000,3463
158.040000,726
158.080000,768
158.120000,3034
158.160000,867
158.200000,2882
158.240000,876
158.280000,2801
158.320000,684
158.360000,2682
158.400000,751
158.440000,2876
158.480000,675
158.520000,2874
158.560000,594
158.600000,2725
158.640000,825
158.680000,2662
158.720000,751
158.760000,2926
158.800000,679
158.840000,2932
158.880000,728
158.920000,2760
158.960000,695
159.000000,3241
159.040000,589
159.080000,2713
159.120000,587
159.160000,2742
159.200000,748
159.240000,2948
159.280000,763
159.320000,2884
159.360000,704
159.400000,2868
159.440000,693
159.480000,2996
159.520000,919
159.560000,3138
159.600000,738
159.640000,3062
159.680000,744
159.720000,2758
159.760000,825
159.800000,2833
159.840000,704
159.880000,3144
159.920000,744
159.960000,2903
160.000000,744
160.040000,3283
160.080000,733
160.120000,2974
160.160000,615
160.200000,2811
160.240000,561
160.280000,2699
160.320000,534
160.360000,2714
160.400000,620
160.440000,2936
160.480000,646
160.520000,2939
160.560000,788
160.600000,2861
160.640000,626
160.680000,2951
160.720000,614
160.760000,2747
160.800000,553
160.840000,2783
160.880000,612
160.920000,2838
160.960000,742
161.000000,3582
161.040000,717
161.080000,2946
161.120000,590
161.160000,2963
161.200000,724
161.240000,2813
161.280000,690
161.320000,2994
161.360000,585
161.400000,2867
161.440000,592
161.480000,2965
161.520000,594
161.560000,2998
161.600000,568
161.640000,3008
161.680000,578
161.720000,2868
161.760000,621
161.800000,3056
161.840000,947
161.880000,3252
161.920000,1061
161.960000,3220
162.000000,884
162.040000,3200
162.080000,563
162.120000,2568
162.160000,533
162.200000,2487
162.240000,628
162.280000,2575
162.320000,819
162.360000,2705
162.400000,739
162.440000,2644
162.480000,700
162.520000,2886
162.560000,739
162.600000,2712
162.640000,667
162.680000,2667
162.720000,568
162.760000,2583
162.800000,586
162.840000,2505
162.880000,587
162.920000,2430
162.960000,620
163.000000,3021
163.040000,655
163.080000,2614
163.120000,504
163.160000,2420
163.200000,536
163.240000,2509
163.280000,739
163.320000,2409
163.360000,619
163.400000,2564
163.440000,494
163.480000,2604
163.520000,542
163.560000,561
163.600000,2570
163.640000,586
163.680000,2404
163.720000,563
163.760000,2240
163.800000,460
163.840000,2289
163.880000,585
163.920000,2330
163.960000,654
164.000000,3029
164.040000,694
164.080000,579
164.120000,2510
164.160000,592
164.200000,2669
164.240000,818
164.280000,19571
164.320000,1025
164.360000,2830
164.400000,1032
164.440000,2762
164.480000,888
164.520000,2683
164.560000,571
164.600000,2524
164.640000,563
164.680000,2719
164.720000,614
164.760000,2498
164.800000,511
164.840000,2584
164.880000,575
164.920000,2469
164.960000,564
165.000000,2540
165.040000,511
165.080000,2623
165.120000,543
165.160000,2348
165.200000,493
165.240000,2263
165.280000,524
165.320000,2176
165.360000,409
165.400000,2135
165.440000,536
165.480000,2306
165.520000,542
165.560000,1975
165.600000,530
165.640000,2189
165.680000,492
165.720000,2450
165.760000,555
165.800000,2406
165.840000,583
165.880000,2126
165.920000,419
165.960000,2074
166.000000,605
166.040000,2595
166.080000,528
166.120000,504
166.160000,2554
166.200000,459
166.240000,2369
166.280000,631
166.320000,2545
166.360000,600
166.400000,2554
166.440000,523
166.480000,557
166.520000,2767
166.560000,629
166.600000,2310
166.640000,627
166.680000,2284
166.720000,701
166.760000,2266
166.800000,1734
166.840000,614
166.880000,1899
166.920000,446
166.960000,1648
167.000000,1554
167.040000,1538
167.080000,1661
167.120000,1466
167.160000,459
167.200000,1848
167.240000,508
167.280000,1957
167.320000,640
167.360000,2090
167.400000,808
167.440000,2103
167.480000,609
167.520000,2124
167.560000,574
167.600000,2108
167.640000,524
167.680000,1704
167.720000,1386
167.760000,496
167.800000,1688
167.840000,517
167.880000,1768
167.920000,1325
167.960000,734
168.000000,2346
168.040000,1785
168.080000,670
168.120000,2109
168.160000,792
168.200000,2149
168.240000,1625
168.280000,549
168.320000,1980
168.360000,1479
168.400000,470
168.440000,1966
168.480000,454
168.520000,1906
168.560000,532
168.600000,1920
168.640000,456
168.680000,1841
168.720000,561
168.760000,2116
168.800000,511
168.840000,2352
168.880000,521
168.920000,2231
168.960000,551
169.000000,3536
169.040000,1487
169.080000,1150
169.120000,2880
169.160000,549
169.200000,2690
169.240000,618
169.280000,2678
169.320000,601
169.360000,2583
169.400000,573
169.440000,2506
169.480000,527
169.520000,2470
169.560000,583
169.600000,2262
169.640000,661
169.680000,2544
169.720000,728
169.760000,2071
169.800000,455
169.840000,2095
169.880000,616
169.920000,2352
169.960000,658
170.000000,2586
170.040000,702
170.080000,2246
170.120000,508
170.160000,2238
170.200000,638
170.240000,2210
170.280000,542
170.320000,2330
170.360000,691
170.400000,2273
170.440000,636
170.480000,2331
170.520000,656
170.560000,2652
170.600000,937
170.640000,2664
170.680000,696
170.720000,2502
170.760000,585
170.800000,2677
170.840000,604
170.880000,2587
170.920000,549
170.960000,2569
171.000000,562
171.040000,2843
171.080000,567
171.120000,2725
171.160000,627
171.200000,2586
171.240000,697
171.280000,2537
171.320000,703
171.360000,2708
171.400000,817
171.440000,2663
171.480000,603
171.520000,2318
171.560000,652
171.600000,2492
171.640000,773
171.680000,2669
171.720000,647
171.760000,2492
171.800000,477
171.840000,2473
171.880000,670
171.920000,2665
171.960000,626
172.000000,2929
172.040000,679
172.080000,2737
172.120000,879
172.160000,2868
172.200000,982
172.240000,2940
172.280000,1112
172.320000,2975
172.360000,700
172.400000,2706
172.440000,823
172.480000,2701
172.520000,687
172.560000,2504
172.600000,708
172.640000,2422
172.680000,648
172.720000,2673
172.760000,727
172.800000,2602
172.840000,709
172.880000,2710
172.920000,776
172.960000,2712
173.000000,695
173.040000,2808
173.080000,674
173.120000,2814
173.160000,780
173.200000,2665
173.240000,626
173.280000,2851
173.320000,678
173.360000,2652
173.400000,802
173.440000,3887
173.480000,2016
173.520000,1376
173.560000,3530
173.600000,899
173.640000,3302
173.680000,1088
173.720000,3348
173.760000,1009
173.800000,3220
173.840000,759
173.880000,2942
173.920000,710
173.960000,2795
174.000000,854
174.040000,3252
174.080000,631
174.120000,3046
174.160000,712
174.200000,2889
174.240000,749
174.280000,19399
174.320000,626
174.360000,2270
174.400000,728
174.440000,2520
174.480000,748
174.520000,2766
174.560000,795
174.600000,2871
174.640000,847
174.680000,2985
174.720000,728
174.760000,2779
174.800000,890
174.840000,3136
174.880000,1309
174.920000,3552
174.960000,1704
175.000000,4228
175.040000,1418
175.080000,3595
175.120000,978
175.160000,955
175.200000,3752
175.240000,956
175.280000,3089
175.320000,1129
175.360000,3114
175.400000,1175
175.440000,3239
175.480000,994
175.520000,3259
175.560000,810
175.600000,3256
175.640000,764
175.680000,729
175.720000,3500
175.760000,823
175.800000,686
175.840000,3238
175.880000,862
175.920000,714
175.960000,3264
176.000000,776
176.040000,3439
176.080000,889
176.120000,1218
176.160000,758
176.200000,3640
176.240000,758
176.280000,1232
176.320000,894
176.360000,3592
176.400000,846
176.440000,773
176.480000,3368
176.520000,1158
176.560000,1397
176.600000,827
176.640000,3456
176.680000,1212
176.720000,2057
176.760000,2321
176.800000,3919
176.840000,2743
176.880000,9174
176.920000,8621
176.960000,2243
177.000000,5187
177.040000,1561
177.080000,3081
177.120000,1236
177.160000,1021
177.200000,3230
177.240000,916
177.280000,5815
177.320000,611
177.360000,2085
177.400000,676
177.440000,5375
177.480000,1049
177.520000,779
177.560000,5226
177.600000,861
177.640000,5731
177.680000,1524
177.720000,919
177.760000,6281
177.800000,854
177.840000,6048
177.880000,1376
177.920000,856
177.960000,6526
178.000000,945
178.040000,602
178.080000,1025
178.120000,8268
178.160000,978
178.200000,1427
178.240000,1043
178.280000,6381
178.320000,1400
178.360000,1938
178.400000,1609
178.440000,7523
178.480000,825
178.520000,1224
178.560000,777
178.600000,6184
178.640000,607
178.680000,1017
178.720000,616
178.760000,5400
178.800000,619
178.840000,953
178.880000,502
178.920000,4605
178.960000,655
179.000000,979
179.040000,515
179.080000,4911
179.120000,515
179.160000,933
179.200000,592
179.240000,4819
179.280000,634
179.320000,896
179.360000,501
179.400000,4420
179.440000,503
179.480000,1096
179.520000,665
179.560000,4815
179.600000,944
179.640000,1518
179.680000,1115
179.720000,5197
179.760000,1614
179.800000,1327
179.840000,721
179.880000,5025
179.920000,768
179.960000,1169
180.000000,917
180.040000,5235
180.080000,815
180.120000,1228
180.160000,656
180.200000,5418
180.240000,552
180.280000,1068
180.320000,549
180.360000,5015
180.400000,532
180.440000,907
180.480000,534
180.520000,4655
180.560000,506
180.600000,942
180.640000,558
180.680000,5180
180.720000,523
180.760000,935
180.800000,544
180.840000,4829
180.880000,760
180.920000,1425
180.960000,1179
181.000000,6652
181.040000,1257
181.080000,1841
181.120000,1446
181.160000,6135
181.200000,954
181.240000,1535
181.280000,648
181.320000,5705
181.360000,625
181.400000,1025
181.440000,472
181.480000,5571
181.520000,550
181.560000,1073
181.600000,497
181.640000,5090
181.680000,622
181.720000,1054
181.760000,581
181.800000,5959
181.840000,548
181.880000,1110
181.920000,932
181.960000,5569
182.000000,1573
182.040000,2055
182.080000,1678
182.120000,6172
182.160000,851
182.200000,1135
182.240000,693
182.280000,5907
182.320000,931
182.360000,1378
182.400000,788
182.440000,5564
182.480000,733
182.520000,1081
182.560000,532
182.600000,5317
182.640000,542
182.680000,860
182.720000,538
182.760000,4769
182.800000,518
182.840000,955
182.880000,558
182.920000,4668
182.960000,589
183.000000,1128
183.040000,568
183.080000,5426
183.120000,687
183.160000,1488
183.200000,853
183.240000,5961
183.280000,1168
183.320000,1247
183.360000,4442
183.400000,2625
183.440000,4257
183.480000,2555
183.520000,2480
183.560000,792
183.600000,718
183.640000,638
183.680000,661
183.720000,597
183.760000,598
183.800000,631
183.840000,627
183.880000,633
183.920000,648
183.960000,677
184.000000,621
184.040000,642
184.080000,657
184.120000,651
184.160000,645
184.200000,647
184.240000,665
184.280000,6356
184.320000,948
184.360000,655
184.400000,632
184.440000,662
184.480000,706
184.520000,705
184.560000,708
184.600000,639
184.640000,689
184.680000,648
184.720000,715
184.760000,680
184.800000,716
184.840000,751
184.880000,744
184.920000,707
184.960000,707
185.000000,696
185.040000,651
185.080000,728
185.120000,744
185.160000,754
185.200000,674
185.240000,718
185.280000,705
185.320000,782
185.360000,749
185.400000,764
185.440000,784
185.480000,869
185.520000,811
185.560000,777
185.600000,762
185.640000,822
185.680000,731
185.720000,759
185.760000,757
185.800000,825
185.840000,798
185.880000,796
185.920000,844
185.960000,779
186.000000,792
186.040000,786
186.080000,706
186.120000,806
186.160000,822
186.200000,837
186.240000,838
186.280000,849
186.320000,882
186.360000,847
186.400000,873
186.440000,827
186.480000,969
186.520000,810
186.560000,840
186.600000,827
186.640000,823
186.680000,894
186.720000,877
186.760000,847
186.800000,939
186.840000,872
186.880000,857
186.920000,824
186.960000,839
187.000000,919
187.040000,841
187.080000,825
187.120000,882
187.160000,848
187.200000,883
187.240000,842
187.280000,833
187.320000,854
187.360000,837
187.400000,895
187.440000,915
187.480000,887
187.520000,960
187.560000,857
187.600000,877
187.640000,932
187.680000,925
187.720000,883
187.760000,926
187.800000,893
187.840000,929
187.880000,882
187.920000,1019
187.960000,950
188.000000,940
188.040000,913
188.080000,920
188.120000,913
188.160000,952
188.200000,983
188.240000,942
188.280000,963
188.320000,905
188.360000,959
188.400000,976
188.440000,935
188.480000,928
188.520000,1037
188.560000,1015
188.600000,1018
188.640000,988
188.680000,983
188.720000,1007
188.760000,1014
188.800000,989
188.840000,1066
188.880000,1021
188.920000,993
188.960000,1014
189.000000,999
189.040000,984
189.080000,999
189.120000,994
189.160000,1108
189.200000,1037
189.240000,1112
189.280000,1113
189.320000,1075
189.360000,1052
189.400000,1052
189.440000,1035
189.480000,1055
189.520000,1171
189.560000,1069
189.600000,1128
189.640000,1139
189.680000,1083
189.720000,1151
189.760000,1047
189.800000,1079
189.840000,1106
189.880000,1053
189.920000,1081
189.960000,1088
190.000000,1093
190.040000,1081
190.080000,1142
190.120000,1171
190.160000,1045
190.200000,1082
190.240000,1143
190.280000,1069
190.320000,1108
190.360000,1024
190.400000,1050
190.440000,1062
190.480000,1125
190.520000,1082
190.560000,1082
190.600000,1079
190.640000,1086
190.680000,1114
190.720000,1059
190.760000,1129
190.800000,1086
190.840000,1056
190.880000,1121
190.920000,1147
190.960000,1063
191.000000,1069
191.040000,1030
191.080000,1131
191.120000,1072
191.160000,1153
191.200000,1045
191.240000,989
191.280000,1126
191.320000,1020
191.360000,1075
191.400000,1100
191.440000,1076
191.480000,1130
191.520000,1061
191.560000,1077
191.600000,1062
191.640000,1107
191.680000,1156
191.720000,1083
191.760000,1073
191.800000,1104
191.840000,1124
191.880000,1045
191.920000,1063
191.960000,1003
192.000000,1055
192.040000,1085
192.080000,1052
192.120000,1088
192.160000,1026
192.200000,1037
192.240000,1051
192.280000,1059
192.320000,1106
192.360000,1116
192.400000,1041
192.440000,1048
192.480000,1101
192.520000,1134
192.560000,1136
192.600000,1047
192.640000,995
192.680000,1112
192.720000,1126
192.760000,1075
192.800000,1036
192.840000,1090
192.880000,1076
192.920000,1047
192.960000,1049
193.000000,1038
193.040000,1080
193.080000,1034
193.120000,1006
193.160000,1060
193.200000,1013
193.240000,1081
193.280000,1064
193.320000,1038
193.360000,1072
193.400000,1108
193.440000,1049
193.480000,1001
193.520000,1172
193.560000,1094
