0.000000,831
0.040000,22142
0.080000,41953
0.120000,22528
0.160000,21005
0.200000,21375
0.240000,20838
0.280000,20929
0.320000,20106
0.360000,20515
0.400000,21272
0.440000,21376
0.480000,33770
0.520000,20435
0.560000,4322
0.600000,2679
0.640000,2196
0.680000,1819
0.720000,1713
0.760000,1095
0.800000,1051
0.840000,707
0.880000,780
0.920000,717
0.960000,460
1.000000,390
1.040000,561
1.080000,1015
1.120000,772
1.160000,939
1.200000,1136
1.240000,1183
1.280000,1213
1.320000,1356
1.360000,1649
1.400000,1863
1.440000,2156
1.480000,2434
1.520000,2401
1.560000,2899
1.600000,4674
1.640000,4442
1.680000,4708
1.720000,5710
1.760000,6072
1.800000,6134
1.840000,7000
1.880000,7740
1.920000,6881
1.960000,8017
2.000000,6777
2.040000,5566
2.080000,18836
2.120000,8791
2.160000,8805
2.200000,9556
2.240000,8510
2.280000,8955
2.320000,8806
2.360000,8542
2.400000,8230
2.440000,7892
2.480000,8236
2.520000,8212
2.560000,6543
2.600000,6799
2.640000,6676
2.680000,6459
2.720000,6607
2.760000,5824
2.800000,5836
2.840000,5237
2.880000,5085
2.920000,5900
2.960000,4403
3.000000,3825
3.040000,2820
3.080000,24287
3.120000,4537
3.160000,5936
3.200000,5665
3.240000,6348
3.280000,5229
3.320000,6144
3.360000,5626
3.400000,4855
3.440000,6001
3.480000,5573
3.520000,5250
3.560000,3932
3.600000,4775
3.640000,5543
3.680000,4860
3.720000,5503
3.760000,4979
3.800000,5272
3.840000,4366
3.880000,6552
3.920000,5823
3.960000,4794
4.000000,4529
4.040000,4021
4.080000,13340
4.120000,5621
4.160000,6331
4.200000,6132
4.240000,6595
4.280000,6311
4.320000,6236
4.360000,6197
4.400000,5867
4.440000,6120
4.480000,5477
4.520000,6257
4.560000,5676
4.600000,5671
4.640000,5866
4.680000,5577
4.720000,5982
4.760000,5387
4.800000,6295
4.840000,5555
4.880000,5867
4.920000,6196
4.960000,5857
5.000000,5075
5.040000,4104
5.080000,8503
5.120000,5856
5.160000,6550
5.200000,6473
5.240000,6144
5.280000,6683
5.320000,6505
5.360000,5983
5.400000,6576
5.440000,6230
5.480000,6283
5.520000,6173
5.560000,6524
5.600000,6549
5.640000,6180
5.680000,6401
5.720000,5929
5.760000,5705
5.800000,6471
5.840000,5342
5.880000,6037
5.920000,6006
5.960000,5784
6.000000,5356
6.040000,4207
6.080000,24093
6.120000,5268
6.160000,6639
6.200000,6072
6.240000,6427
6.280000,6732
6.320000,6071
6.360000,6148
6.400000,5944
6.440000,6185
6.480000,6391
6.520000,6358
6.560000,5741
6.600000,5838
6.640000,6049
6.680000,5821
6.720000,5550
6.760000,5516
6.800000,5955
6.840000,6115
6.880000,5538
6.920000,5714
6.960000,5295
7.000000,5112
7.040000,4143
7.080000,8925
7.120000,5614
7.160000,6571
7.200000,6056
7.240000,6591
7.280000,6006
7.320000,6179
7.360000,6308
7.400000,6535
7.440000,6146
7.480000,6060
7.520000,6648
7.560000,5875
7.600000,5981
7.640000,6370
7.680000,6096
7.720000,5434
7.760000,6140
7.800000,5958
7.840000,5868
7.880000,6119
7.920000,5847
7.960000,5771
8.000000,4775
8.040000,4080
8.080000,9233
8.120000,5687
8.160000,6317
8.200000,6304
8.240000,6379
8.280000,6462
8.320000,6315
8.360000,6319
8.400000,6863
8.440000,6334
8.480000,6277
8.520000,7005
8.560000,6175
8.600000,5913
8.640000,6424
8.680000,5597
8.720000,6217
8.760000,5799
8.800000,6870
8.840000,5790
8.880000,5907
8.920000,5974
8.960000,5783
9.000000,5106
9.040000,5634
9.080000,26456
9.120000,5027
9.160000,7217
9.200000,7222
9.240000,7044
9.280000,6219
9.320000,6304
9.360000,6469
9.400000,6104
9.440000,6136
9.480000,6336
9.520000,6098
9.560000,5631
9.600000,5873
9.640000,5702
9.680000,5949
9.720000,5318
9.760000,5035
9.800000,5997
9.840000,5148
9.880000,5831
9.920000,5433
9.960000,5842
10.000000,4517
10.040000,4776
10.080000,8692
10.120000,5544
10.160000,6315
10.200000,6306
10.240000,6747
10.280000,6089
10.320000,6418
10.360000,6092
10.400000,6341
10.440000,5947
10.480000,5959
10.520000,6105
10.560000,5596
10.600000,6148
10.640000,5404
10.680000,6597
10.720000,5672
10.760000,6172
10.800000,5496
10.840000,6313
10.880000,5929
10.920000,5566
10.960000,5533
11.000000,5807
11.040000,3816
11.080000,14565
11.120000,6155
11.160000,6507
11.200000,6738
11.240000,6253
11.280000,5829
11.320000,6114
11.360000,6950
11.400000,5913
11.440000,6230
11.480000,6014
11.520000,5676
11.560000,5936
11.600000,5922
11.640000,6037
11.680000,5854
11.720000,5817
11.760000,6638
11.800000,5896
11.840000,6813
11.880000,5811
11.920000,6339
11.960000,5462
12.000000,5792
12.040000,4380
12.080000,24467
12.120000,5046
12.160000,6426
12.200000,6986
12.240000,6485
12.280000,6054
12.320000,7330
12.360000,6626
12.400000,5952
12.440000,5980
12.480000,5748
12.520000,6442
12.560000,5486
12.600000,6384
12.640000,5806
12.680000,5726
12.720000,5807
12.760000,6044
12.800000,5793
12.840000,6066
12.880000,6007
12.920000,6181
12.960000,5492
13.000000,5730
13.040000,5147
13.080000,14988
13.120000,5810
13.160000,6791
13.200000,7135
13.240000,6420
13.280000,6223
13.320000,6356
13.360000,6192
13.400000,5896
13.440000,6494
13.480000,6067
13.520000,6148
13.560000,6013
13.600000,5968
13.640000,5997
13.680000,6166
13.720000,5338
13.760000,6470
13.800000,5629
13.840000,6562
13.880000,6041
13.920000,6055
13.960000,5842
14.000000,5588
14.040000,3834
14.080000,9823
14.120000,5346
14.160000,6709
14.200000,6499
14.240000,6650
14.280000,6524
14.320000,6180
14.360000,6228
14.400000,6809
14.440000,6492
14.480000,6591
14.520000,6818
14.560000,6498
14.600000,6499
14.640000,6449
14.680000,6650
14.720000,5913
14.760000,5714
14.800000,6126
14.840000,6225
14.880000,5702
14.920000,5970
14.960000,6311
15.000000,5560
15.040000,5519
15.080000,26181
15.120000,4925
15.160000,7214
15.200000,7297
15.240000,6752
15.280000,6705
15.320000,6489
15.360000,6145
15.400000,6647
15.440000,6672
15.480000,6365
15.520000,5912
15.560000,5979
15.600000,6120
15.640000,5795
15.680000,5826
15.720000,5718
15.760000,6166
15.800000,5801
15.840000,5962
15.880000,4998
15.920000,6268
15.960000,6110
16.000000,5760
16.040000,4123
16.080000,9206
16.120000,5304
16.160000,6276
16.200000,6662
16.240000,6458
16.280000,6452
16.320000,6236
16.360000,6648
16.400000,6107
16.440000,6454
16.480000,6500
16.520000,6355
16.560000,5797
16.600000,6589
16.640000,5677
16.680000,6243
16.720000,6241
16.760000,6119
16.800000,6027
16.840000,5808
16.880000,6706
16.920000,5507
16.960000,5623
17.000000,4709
17.040000,3876
17.080000,9882
17.120000,6315
17.160000,6233
17.200000,7021
17.240000,6339
17.280000,6488
17.320000,6576
17.360000,6259
17.400000,6996
17.440000,6310
17.480000,6482
17.520000,6122
17.560000,6397
17.600000,6588
17.640000,5991
17.680000,6246
17.720000,5925
17.760000,5896
17.800000,6203
17.840000,6055
17.880000,6410
17.920000,5957
17.960000,6229
18.000000,5821
18.040000,5408
18.080000,24429
18.120000,5269
18.160000,6619
18.200000,7044
18.240000,6831
18.280000,6003
18.320000,6232
18.360000,6505
18.400000,6189
18.440000,6192
18.480000,6048
18.520000,6528
18.560000,5669
18.600000,6213
18.640000,5539
18.680000,6142
18.720000,6066
18.760000,5774
18.800000,5925
18.840000,5170
18.880000,6867
18.920000,5814
18.960000,5976
19.000000,5983
19.040000,4846
19.080000,13794
19.120000,5650
19.160000,6452
19.200000,6505
19.240000,6494
19.280000,6401
19.320000,6331
19.360000,6306
19.400000,5863
19.440000,6471
19.480000,5702
19.520000,6276
19.560000,6052
19.600000,6386
19.640000,5781
19.680000,5922
19.720000,6148
19.760000,5793
19.800000,5800
19.840000,5780
19.880000,6369
19.920000,5842
19.960000,6111
20.000000,5924
20.040000,4382
20.080000,13709
20.120000,6147
20.160000,6982
20.200000,6604
20.240000,6543
20.280000,6306
20.320000,5899
20.360000,6332
20.400000,5862
20.440000,6608
20.480000,6312
20.520000,6055
20.560000,6711
20.600000,5655
20.640000,6284
20.680000,5610
20.720000,6209
20.760000,6185
20.800000,6042
20.840000,6675
20.880000,5345
20.920000,6484
20.960000,5845
21.000000,5695
21.040000,3527
21.080000,24253
21.120000,4965
21.160000,6846
21.200000,6460
21.240000,6553
21.280000,6601
21.320000,6133
21.360000,6660
21.400000,5947
21.440000,5832
21.480000,6455
21.520000,5878
21.560000,6030
21.600000,5874
21.640000,6139
21.680000,5653
21.720000,5862
21.760000,5529
21.800000,6069
21.840000,5774
21.880000,5802
21.920000,5875
21.960000,5542
22.000000,6067
22.040000,3591
22.080000,14489
22.120000,6058
22.160000,6459
22.200000,6918
22.240000,6760
22.280000,6345
22.320000,6258
22.360000,5897
22.400000,6199
22.440000,5601
22.480000,6387
22.520000,5850
22.560000,6071
22.600000,5738
22.640000,6055
22.680000,5999
22.720000,5970
22.760000,6100
22.800000,6010
22.840000,5838
22.880000,5820
22.920000,6539
22.960000,5804
23.000000,5747
23.040000,4917
23.080000,9190
23.120000,5782
23.160000,6793
23.200000,6387
23.240000,6704
23.280000,6509
23.320000,6090
23.360000,6817
23.400000,6569
23.440000,6431
23.480000,6695
23.520000,6372
23.560000,6133
23.600000,6005
23.640000,5965
23.680000,6037
23.720000,6313
23.760000,6354
23.800000,6038
23.840000,6034
23.880000,6074
23.920000,6574
23.960000,5476
24.000000,5814
24.040000,3846
24.080000,24513
24.120000,5075
24.160000,6873
24.200000,7258
24.240000,6442
24.280000,6462
24.320000,6626
24.360000,5963
24.400000,6267
24.440000,5969
24.480000,6909
24.520000,6024
24.560000,6092
24.600000,5885
24.640000,5766
24.680000,6264
24.720000,5803
24.760000,6397
24.800000,5251
24.840000,6265
24.880000,5960
24.920000,5823
24.960000,5898
25.000000,4480
25.040000,5370
25.080000,9290
25.120000,5622
25.160000,6682
25.200000,6628
25.240000,6295
25.280000,6691
25.320000,6703
25.360000,6368
25.400000,6120
25.440000,6488
25.480000,6322
25.520000,6276
25.560000,6348
25.600000,5785
25.640000,6998
25.680000,5903
25.720000,5857
25.760000,6369
25.800000,5755
25.840000,6559
25.880000,5748
25.920000,6065
25.960000,6361
26.000000,4707
26.040000,5503
26.080000,9531
26.120000,6306
26.160000,6821
26.200000,7025
26.240000,6289
26.280000,6129
26.320000,6244
26.360000,6629
26.400000,6557
26.440000,6035
26.480000,6714
26.520000,6440
26.560000,6653
26.600000,5767
26.640000,5868
26.680000,5831
26.720000,6536
26.760000,5951
26.800000,6516
26.840000,5780
26.880000,6593
26.920000,6166
26.960000,5949
27.000000,5702
27.040000,5374
27.080000,24120
27.120000,5129
27.160000,6881
27.200000,6443
27.240000,6428
27.280000,6930
27.320000,5905
27.360000,6635
27.400000,5937
27.440000,6895
27.480000,6128
27.520000,6154
27.560000,6028
27.600000,6067
27.640000,6396
27.680000,5627
27.720000,5994
27.760000,6548
27.800000,5554
27.840000,6407
27.880000,5854
27.920000,5887
27.960000,5962
28.000000,6142
28.040000,3742
28.080000,9429
28.120000,6111
28.160000,6485
28.200000,6461
28.240000,6725
28.280000,6421
28.320000,6463
28.360000,6180
28.400000,6308
28.440000,5962
28.480000,6620
28.520000,5952
28.560000,6032
28.600000,6233
28.640000,6488
28.680000,6064
28.720000,5890
28.760000,6267
28.800000,5785
28.840000,6537
28.880000,5617
28.920000,6350
28.960000,5466
29.000000,5537
29.040000,3767
29.080000,14906
29.120000,5713
29.160000,7406
29.200000,6802
29.240000,6478
29.280000,6391
29.320000,6114
29.360000,6906
29.400000,5831
29.440000,6098
29.480000,6680
29.520000,6026
29.560000,5907
29.600000,5939
29.640000,5916
29.680000,5869
29.720000,6224
29.760000,5387
29.800000,6192
29.840000,6017
29.880000,6163
29.920000,5775
29.960000,5665
30.000000,5844
30.040000,5352
30.080000,24386
30.120000,5364
30.160000,6623
30.200000,6503
30.240000,6462
30.280000,6102
30.320000,6116
30.360000,6217
30.400000,5924
30.440000,6771
30.480000,5704
30.520000,6610
30.560000,5944
30.600000,6022
30.640000,5853
30.680000,5691
30.720000,5978
30.760000,5955
30.800000,6364
30.840000,5456
30.880000,6321
30.920000,5920
30.960000,6120
31.000000,5876
31.040000,3951
31.080000,14502
31.120000,6089
31.160000,6769
31.200000,6925
31.240000,6260
31.280000,6424
31.320000,6113
31.360000,6485
31.400000,5657
31.440000,6064
31.480000,6091
31.520000,6814
31.560000,5977
31.600000,5882
31.640000,5889
31.680000,6171
31.720000,6168
31.760000,5805
31.800000,6202
31.840000,6145
31.880000,5838
31.920000,6171
31.960000,5673
32.000000,5024
32.040000,5795
32.080000,14190
32.120000,5890
32.160000,6764
32.200000,6710
32.240000,6314
32.280000,6651
32.320000,5916
32.360000,6648
32.400000,5776
32.440000,6413
32.480000,5732
32.520000,5814
32.560000,5976
32.600000,5719
32.640000,6018
32.680000,5561
32.720000,6788
32.760000,6020
32.800000,6239
32.840000,5627
32.880000,6305
32.920000,6053
32.960000,5731
33.000000,5418
33.040000,5919
33.080000,24448
33.120000,4873
33.160000,6435
33.200000,6365
33.240000,6143
33.280000,6221
33.320000,5899
33.360000,5974
33.400000,6627
33.440000,6030
33.480000,5850
33.520000,6292
33.560000,5970
33.600000,6341
33.640000,5357
33.680000,6343
33.720000,5642
33.760000,6384
33.800000,5609
33.840000,5916
33.880000,5693
33.920000,6117
33.960000,5685
34.000000,6183
34.040000,5322
34.080000,8764
34.120000,5790
34.160000,6338
34.200000,6528
34.240000,6485
34.280000,6499
34.320000,6798
34.360000,6143
34.400000,6719
34.440000,6093
34.480000,6555
34.520000,6249
34.560000,6024
34.600000,6099
34.640000,6149
34.680000,6131
34.720000,6155
34.760000,5712
34.800000,6280
34.840000,5873
34.880000,6355
34.920000,5739
34.960000,6065
35.000000,5902
35.040000,3954
35.080000,14734
35.120000,5675
35.160000,7461
35.200000,6665
35.240000,6280
35.280000,6774
35.320000,6004
35.360000,6912
35.400000,5731
35.440000,6708
35.480000,6028
35.520000,6375
35.560000,5956
35.600000,5924
35.640000,6090
35.680000,6045
35.720000,5638
35.760000,6157
35.800000,6914
35.840000,5645
35.880000,5945
35.920000,5655
35.960000,6191
36.000000,6099
36.040000,3861
36.080000,27275
36.120000,4830
36.160000,6877
36.200000,7454
36.240000,6623
36.280000,7248
36.320000,6569
36.360000,6622
36.400000,6600
36.440000,6445
36.480000,6781
36.520000,6180
36.560000,6018
36.600000,6260
36.640000,6208
36.680000,5951
36.720000,6037
36.760000,5658
36.800000,6369
36.840000,5010
36.880000,6225
36.920000,5714
36.960000,5992
37.000000,5628
37.040000,5340
37.080000,9074
37.120000,6159
37.160000,5972
37.200000,6000
37.240000,6754
37.280000,6142
37.320000,6136
37.360000,5825
37.400000,6404
37.440000,5947
37.480000,6209
37.520000,6255
37.560000,5976
37.600000,5870
37.640000,5779
37.680000,6612
37.720000,5600
37.760000,5713
37.800000,5962
37.840000,6614
37.880000,6115
37.920000,5988
37.960000,5966
38.000000,6100
38.040000,5288
38.080000,9820
38.120000,7064
38.160000,6678
38.200000,6183
38.240000,7241
38.280000,6683
38.320000,6929
38.360000,6225
38.400000,6413
38.440000,6002
38.480000,6363
38.520000,6120
38.560000,5705
38.600000,5976
38.640000,6284
38.680000,5761
38.720000,5981
38.760000,5853
38.800000,6238
38.840000,5666
38.880000,5953
38.920000,5692
38.960000,5785
39.000000,4200
39.040000,3990
39.080000,26196
39.120000,5390
39.160000,6653
39.200000,7039
39.240000,6833
39.280000,6776
39.320000,6820
39.360000,6288
39.400000,6768
39.440000,6372
39.480000,6766
39.520000,6246
39.560000,5653
39.600000,6403
39.640000,5678
39.680000,6320
39.720000,5566
39.760000,6424
39.800000,5821
39.840000,6047
39.880000,5848
39.920000,5898
39.960000,5905
40.000000,5140
40.040000,4557
40.080000,9656
40.120000,6049
40.160000,6479
40.200000,6687
40.240000,6545
40.280000,6151
40.320000,6560
40.360000,6305
40.400000,6417
40.440000,6631
40.480000,6142
40.520000,6077
40.560000,6070
40.600000,6494
40.640000,5978
40.680000,6180
40.720000,5633
40.760000,5999
40.800000,5689
40.840000,5929
40.880000,6134
40.920000,5932
40.960000,6234
41.000000,4817
41.040000,5455
41.080000,9005
41.120000,5748
41.160000,6311
41.200000,6528
41.240000,6382
41.280000,6468
41.320000,6298
41.360000,6652
41.400000,6530
41.440000,6553
41.480000,6074
41.520000,6449
41.560000,5717
41.600000,6494
41.640000,5522
41.680000,6100
41.720000,6142
41.760000,6032
41.800000,5671
41.840000,7139
41.880000,5489
41.920000,6221
41.960000,5751
42.000000,5762
42.040000,5410
42.080000,24277
42.120000,5246
42.160000,6619
42.200000,6542
42.240000,6593
42.280000,6427
42.320000,6070
42.360000,6012
42.400000,6075
42.440000,6322
42.480000,5587
42.520000,5969
42.560000,5633
42.600000,5842
42.640000,6064
42.680000,6158
42.720000,5629
42.760000,6338
42.800000,5656
42.840000,5992
42.880000,5868
42.920000,5776
42.960000,5907
43.000000,5586
43.040000,5364
43.080000,9171
43.120000,5635
43.160000,6468
43.200000,6758
43.240000,6496
43.280000,6577
43.320000,6049
43.360000,6306
43.400000,6311
43.440000,6279
43.480000,6015
43.520000,6218
43.560000,5869
43.600000,6397
43.640000,5893
43.680000,5975
43.720000,6134
43.760000,6033
43.800000,5955
43.840000,5966
43.880000,6594
43.920000,5768
43.960000,6084
44.000000,5211
44.040000,5455
44.080000,9806
44.120000,6229
44.160000,6783
44.200000,6511
44.240000,6451
44.280000,6501
44.320000,6638
44.360000,6568
44.400000,6793
44.440000,6206
44.480000,6808
44.520000,6353
44.560000,6294
44.600000,6092
44.640000,6315
44.680000,5966
44.720000,6391
44.760000,5737
44.800000,6499
44.840000,5606
44.880000,6336
44.920000,5740
44.960000,6317
45.000000,5542
45.040000,3781
45.080000,26751
45.120000,5069
45.160000,7406
45.200000,6719
45.240000,7331
45.280000,6659
45.320000,6637
45.360000,6732
45.400000,6786
45.440000,5875
45.480000,6346
45.520000,6264
45.560000,5677
45.600000,6119
45.640000,5616
45.680000,5850
45.720000,6000
45.760000,6514
45.800000,5823
45.840000,5982
45.880000,5891
45.920000,6356
45.960000,5593
46.000000,5768
46.040000,5620
46.080000,14424
46.120000,5867
46.160000,7124
46.200000,6675
46.240000,6516
46.280000,6326
46.320000,5988
46.360000,6181
46.400000,5892
46.440000,7079
46.480000,5947
46.520000,6019
46.560000,6566
46.600000,5660
46.640000,6027
46.680000,5788
46.720000,6044
46.760000,5749
46.800000,5984
46.840000,5860
46.880000,6093
46.920000,7417
46.960000,6591
47.000000,5821
47.040000,5573
47.080000,9181
47.120000,5862
47.160000,6905
47.200000,6303
47.240000,6379
47.280000,6682
47.320000,6273
47.360000,6339
47.400000,6044
47.440000,6264
47.480000,5997
47.520000,6243
47.560000,5814
47.600000,5945
47.640000,5845
47.680000,6221
47.720000,6315
47.760000,5560
47.800000,5850
47.840000,5671
47.880000,6714
47.920000,5547
47.960000,5723
48.000000,4544
48.040000,3900
48.080000,27232
48.120000,5200
48.160000,7531
48.200000,6806
48.240000,7056
48.280000,6306
48.320000,6894
48.360000,6238
48.400000,6497
48.440000,6495
48.480000,6229
48.520000,6063
48.560000,6104
48.600000,5479
48.640000,6299
48.680000,5797
48.720000,5996
48.760000,5779
48.800000,6443
48.840000,5438
48.880000,6568
48.920000,5124
48.960000,6210
49.000000,4436
49.040000,3615
49.080000,9365
49.120000,5203
49.160000,6862
49.200000,6213
49.240000,6219
49.280000,6713
49.320000,5884
49.360000,6254
49.400000,6135
49.440000,6381
49.480000,6183
49.520000,5665
49.560000,5834
49.600000,5792
49.640000,3304
49.680000,4880
49.720000,2568
49.760000,20439
49.800000,14848
49.840000,2952
49.880000,4056
49.920000,4070
49.960000,7627
50.000000,3800
50.040000,2498
50.080000,830
50.120000,811
50.160000,1655
50.200000,2014
50.240000,3720
50.280000,5868
50.320000,5738
50.360000,5475
50.400000,5500
50.440000,4941
50.480000,4863
50.520000,4505
50.560000,4088
50.600000,4107
50.640000,3578
50.680000,2409
50.720000,2338
50.760000,3337
50.800000,3052
50.840000,2876
50.880000,2380
50.920000,2047
50.960000,2031
51.000000,2809
51.040000,3205
51.080000,2802
51.120000,2693
51.160000,2750
51.200000,2827
51.240000,2765
51.280000,2798
51.320000,2641
51.360000,3057
51.400000,3143
51.440000,2921
51.480000,2577
51.520000,3331
51.560000,2790
51.600000,2772
51.640000,2853
51.680000,3111
51.720000,2910
51.760000,2843
51.800000,2731
51.840000,3002
51.880000,2966
51.920000,3159
51.960000,3073
52.000000,3443
52.040000,3500
52.080000,3676
52.120000,3689
52.160000,3673
52.200000,3675
52.240000,3849
52.280000,3743
52.320000,4204
52.360000,3814
52.400000,3749
52.440000,3592
52.480000,3371
52.520000,4564
52.560000,4138
52.600000,3928
52.640000,3985
52.680000,3783
52.720000,4049
52.760000,3931
52.800000,4212
52.840000,4005
52.880000,4143
52.920000,4022
52.960000,4064
53.000000,4015
53.040000,3929
53.080000,4031
53.120000,4078
53.160000,4333
53.200000,4054
53.240000,3915
53.280000,4044
53.320000,4036
53.360000,3943
53.400000,3794
53.440000,3653
53.480000,3720
53.520000,4523
53.560000,3917
53.600000,3659
53.640000,3791
53.680000,3599
53.720000,3621
53.760000,3554
53.800000,3668
53.840000,3573
53.880000,3804
53.920000,3694
53.960000,3618
54.000000,3729
54.040000,3806
54.080000,3799
54.120000,3716
54.160000,3672
54.200000,3938
54.240000,3810
54.280000,3953
54.320000,3836
54.360000,4195
54.400000,3793
54.440000,4028
54.480000,3818
54.520000,5088
54.560000,4318
54.600000,4249
54.640000,4188
54.680000,4379
54.720000,4137
54.760000,4299
54.800000,4487
54.840000,4584
54.880000,4269
54.920000,4445
54.960000,4390
55.000000,4336
55.040000,4577
55.080000,4422
55.120000,4236
55.160000,4726
55.200000,4198
55.240000,4435
55.280000,4224
55.320000,4264
55.360000,4296
55.400000,4452
55.440000,4038
55.480000,4251
55.520000,5428
55.560000,4483
55.600000,4539
55.640000,4398
55.680000,4221
55.720000,4746
55.760000,4138
55.800000,4258
55.840000,4432
55.880000,4455
55.920000,4540
55.960000,4761
56.000000,4926
56.040000,4426
56.080000,5058
56.120000,4651
56.160000,4602
56.200000,4908
56.240000,3257
56.280000,6028
56.320000,4658
56.360000,4830
56.400000,4827
56.440000,3309
56.480000,5545
56.520000,16651
56.560000,5200
56.600000,5135
56.640000,5022
56.680000,4947
56.720000,5151
56.760000,4858
56.800000,5086
56.840000,4906
56.880000,5380
56.920000,4893
56.960000,5044
57.000000,4640
57.040000,4864
57.080000,5063
57.120000,4732
57.160000,4870
57.200000,4931
57.240000,4830
57.280000,4421
57.320000,4694
57.360000,4727
57.400000,4228
57.440000,4743
57.480000,3992
57.520000,6164
57.560000,4344
57.600000,4455
57.640000,4272
57.680000,4388
57.720000,4293
57.760000,4425
57.800000,4396
57.840000,4618
57.880000,4968
57.920000,4591
57.960000,4696
58.000000,4639
58.040000,4964
58.080000,4399
58.120000,4891
58.160000,5057
58.200000,4991
58.240000,4835
58.280000,5028
58.320000,4895
58.360000,4964
58.400000,5274
58.440000,4869
58.480000,4626
58.520000,7100
58.560000,4999
58.600000,5249
58.640000,5289
58.680000,5119
58.720000,5131
58.760000,5145
58.800000,5274
58.840000,5202
58.880000,5363
58.920000,5395
58.960000,5070
59.000000,5569
59.040000,5072
59.080000,5199
59.120000,5414
59.160000,5098
59.200000,5169
59.240000,5143
59.280000,5428
59.320000,4994
59.360000,4992
59.400000,4881
59.440000,5482
59.480000,4386
59.520000,7027
59.560000,5103
59.600000,5159
59.640000,4877
59.680000,5145
59.720000,5105
59.760000,5051
59.800000,5151
59.840000,5340
59.880000,5560
59.920000,5156
59.960000,5202
60.000000,5068
60.040000,5430
60.080000,4970
60.120000,5207
60.160000,5353
60.200000,5745
60.240000,5383
60.280000,5141
60.320000,5831
60.360000,5203
60.400000,5238
60.440000,5072
60.480000,4901
60.520000,7452
60.560000,5614
60.600000,5009
60.640000,5780
60.680000,4964
60.720000,5256
60.760000,5275
60.800000,5443
60.840000,5320
60.880000,5738
60.920000,5166
60.960000,5265
61.000000,4992
61.040000,5449
61.080000,5044
61.120000,5483
61.160000,5131
61.200000,5457
61.240000,5308
61.280000,4795
61.320000,6099
61.360000,4922
61.400000,5042
61.440000,5196
61.480000,4920
61.520000,6584
61.560000,5680
61.600000,5252
61.640000,5224
61.680000,5339
61.720000,5392
61.760000,5189
61.800000,5351
61.840000,5345
61.880000,5504
61.920000,5825
61.960000,5218
62.000000,6155
62.040000,5055
62.080000,5531
62.120000,5485
62.160000,5935
62.200000,5723
62.240000,5649
62.280000,5730
62.320000,5312
62.360000,5842
62.400000,6312
62.440000,4992
62.480000,5221
62.520000,7778
62.560000,5807
62.600000,5695
62.640000,5527
62.680000,5786
62.720000,5455
62.760000,5744
62.800000,5545
62.840000,6055
62.880000,6085
62.920000,5811
62.960000,5397
63.000000,5667
63.040000,5537
63.080000,5945
63.120000,5880
63.160000,6052
63.200000,5694
63.240000,5884
63.280000,6325
63.320000,5479
63.360000,5944
63.400000,5922
63.440000,5478
63.480000,5250
63.520000,8535
63.560000,5734
63.600000,5898
63.640000,5816
63.680000,6350
63.720000,5949
63.760000,6219
63.800000,5954
63.840000,5934
63.880000,6323
63.920000,6243
63.960000,6766
64.000000,5918
64.040000,6365
64.080000,5990
64.120000,6260
64.160000,6599
64.200000,6203
64.240000,6041
64.280000,6495
64.320000,5812
64.360000,6361
64.400000,6111
64.440000,6241
64.480000,5351
64.520000,20561
64.560000,5602
64.600000,6130
64.640000,6151
64.680000,5853
64.720000,6016
64.760000,5789
64.800000,5991
64.840000,5618
64.880000,5664
64.920000,5919
64.960000,5762
65.000000,6123
65.040000,5208
65.080000,5625
65.120000,5816
65.160000,5567
65.200000,6249
65.240000,5544
65.280000,6019
65.320000,5783
65.360000,5649
65.400000,5719
65.440000,5590
65.480000,5490
65.520000,7729
65.560000,5792
65.600000,6046
65.640000,5930
65.680000,5522
65.720000,6295
65.760000,5803
65.800000,5686
65.840000,6404
65.880000,6048
65.920000,6167
65.960000,6309
66.000000,6121
66.040000,6053
66.080000,6070
66.120000,5880
66.160000,5821
66.200000,6437
66.240000,5287
66.280000,5810
66.320000,5917
66.360000,5788
66.400000,5801
66.440000,5897
66.480000,4864
66.520000,8078
66.560000,5497
66.600000,5656
66.640000,5370
66.680000,5551
66.720000,5761
66.760000,5620
66.800000,5549
66.840000,6013
66.880000,5333
66.920000,5838
66.960000,6194
67.000000,5127
67.040000,5625
67.080000,5861
67.120000,5966
67.160000,5649
67.200000,5855
67.240000,5520
67.280000,5919
67.320000,5983
67.360000,5586
67.400000,5656
67.440000,5886
67.480000,4841
67.520000,8628
67.560000,5745
67.600000,5925
67.640000,6247
67.680000,5617
67.720000,6228
67.760000,6055
67.800000,5976
67.840000,6174
67.880000,6276
67.920000,5771
67.960000,6595
68.000000,5869
68.040000,6131
68.080000,5982
68.120000,6070
68.160000,5930
68.200000,6351
68.240000,6612
68.280000,5792
68.320000,5968
68.360000,6300
68.400000,6279
68.440000,5715
68.480000,5573
68.520000,9175
68.560000,5748
68.600000,6477
68.640000,6273
68.680000,6059
68.720000,6269
68.760000,6475
68.800000,6415
68.840000,6192
68.880000,6345
68.920000,6357
68.960000,6161
69.000000,6931
69.040000,5725
69.080000,6333
69.120000,6132
69.160000,6038
69.200000,5893
69.240000,7080
69.280000,5853
69.320000,6304
69.360000,6061
69.400000,5770
69.440000,6071
69.480000,5084
69.520000,8777
69.560000,5753
69.600000,5859
69.640000,5857
69.680000,5879
69.720000,5645
69.760000,5979
69.800000,5385
69.840000,6175
69.880000,5664
69.920000,5761
69.960000,5979
70.000000,6013
70.040000,6099
70.080000,5409
70.120000,5609
70.160000,5707
70.200000,5770
70.240000,5794
70.280000,6208
70.320000,5658
70.360000,5944
70.400000,5678
70.440000,6450
70.480000,4753
70.520000,8792
70.560000,6093
70.600000,5905
70.640000,6325
70.680000,5850
70.720000,6152
70.760000,6042
70.800000,6845
70.840000,6228
70.880000,6722
70.920000,6503
70.960000,6281
71.000000,6480
71.040000,6589
71.080000,6946
71.120000,6139
71.160000,6330
71.200000,7073
71.240000,6505
71.280000,6578
71.320000,6016
71.360000,6526
71.400000,6559
71.440000,6412
71.480000,5846
71.520000,9682
71.560000,6068
71.600000,6739
71.640000,6196
71.680000,6482
71.720000,6387
71.760000,6615
71.800000,6524
71.840000,6751
71.880000,6884
71.920000,6542
71.960000,6670
72.000000,6777
72.040000,6791
72.080000,6260
72.120000,6594
72.160000,6374
72.200000,6974
72.240000,6691
72.280000,6761
72.320000,6158
72.360000,6520
72.400000,6394
72.440000,6258
72.480000,5729
72.520000,21819
72.560000,5838
72.600000,6444
72.640000,6666
72.680000,6243
72.720000,6453
72.760000,6274
72.800000,6377
72.840000,6315
72.880000,6149
72.920000,6846
72.960000,6438
73.000000,5985
73.040000,6674
73.080000,6240
73.120000,6391
73.160000,6107
73.200000,6189
73.240000,6151
73.280000,6389
73.320000,6155
73.360000,6418
73.400000,6438
73.440000,5987
73.480000,5742
73.520000,8440
73.560000,6381
73.600000,6117
73.640000,6554
73.680000,6184
73.720000,6117
73.760000,6318
73.800000,5885
73.840000,6729
73.880000,6666
73.920000,6499
73.960000,6819
74.000000,6172
74.040000,6270
74.080000,7048
74.120000,5898
74.160000,6462
74.200000,6531
74.240000,6276
74.280000,6576
74.320000,6647
74.360000,6038
74.400000,6506
74.440000,6101
74.480000,5534
74.520000,9391
74.560000,6339
74.600000,6446
74.640000,6355
74.680000,6379
74.720000,6288
74.760000,6477
74.800000,6591
74.840000,6639
74.880000,6368
74.920000,6380
74.960000,6440
75.000000,6853
75.040000,5976
75.080000,6889
75.120000,6516
75.160000,6834
75.200000,6584
75.240000,6564
75.280000,6804
75.320000,6364
75.360000,6609
75.400000,6347
75.440000,6250
75.480000,5634
75.520000,9865
75.560000,5667
75.600000,6409
75.640000,6606
75.680000,6125
75.720000,6136
75.760000,6160
75.800000,6457
75.840000,6508
75.880000,5948
75.920000,6998
75.960000,6061
76.000000,6211
76.040000,6443
76.080000,6944
76.120000,6069
76.160000,6217
76.200000,6001
76.240000,6422
76.280000,5942
76.320000,6059
76.360000,6547
76.400000,6117
76.440000,6020
76.480000,5181
76.520000,9103
76.560000,6435
76.600000,6207
76.640000,6615
76.680000,6324
76.720000,6195
76.760000,6268
76.800000,6677
76.840000,6110
76.880000,6479
76.920000,6619
76.960000,6976
77.000000,6200
77.040000,6405
77.080000,5833
77.120000,6560
77.160000,6339
77.200000,6544
77.240000,6542
77.280000,6498
77.320000,6533
77.360000,6636
77.400000,5805
77.440000,6415
77.480000,5534
77.520000,9175
77.560000,6635
77.600000,6430
77.640000,6369
77.680000,6065
77.720000,6366
77.760000,6688
77.800000,6460
77.840000,6115
77.880000,6729
77.920000,6133
77.960000,6130
78.000000,7057
78.040000,6140
78.080000,6593
78.120000,6024
78.160000,6453
78.200000,6510
78.240000,6363
78.280000,6287
78.320000,6289
78.360000,6626
78.400000,5977
78.440000,6210
78.480000,5563
78.520000,10067
78.560000,6123
78.600000,6368
78.640000,6705
78.680000,6135
78.720000,5788
78.760000,6687
78.800000,6537
78.840000,6682
78.880000,6364
78.920000,6572
78.960000,6551
79.000000,6287
79.040000,7129
79.080000,5930
79.120000,6730
79.160000,6458
79.200000,6996
79.240000,5908
79.280000,6706
79.320000,6385
79.360000,6800
79.400000,5860
79.440000,6314
79.480000,6714
79.520000,5582
79.560000,10193
79.600000,5964
79.640000,6371
79.680000,6264
79.720000,6568
79.760000,6201
79.800000,6496
79.840000,6429
79.880000,6606
79.920000,6288
79.960000,6708
80.000000,5966
80.040000,6909
80.080000,6036
80.120000,6508
80.160000,6868
80.200000,6285
80.240000,6665
80.280000,6536
80.320000,6385
80.360000,6558
80.400000,6742
80.440000,6258
80.480000,5632
80.520000,10224
80.560000,6047
80.600000,6350
80.640000,6701
80.680000,6664
80.720000,6414
80.760000,6374
80.800000,6625
80.840000,6761
80.880000,6666
80.920000,7244
80.960000,6369
81.000000,6460
81.040000,7030
81.080000,6635
81.120000,6228
81.160000,6714
81.200000,6554
81.240000,6832
81.280000,6148
81.320000,6731
81.360000,6723
81.400000,6695
81.440000,6332
81.480000,5633
81.520000,23955
81.560000,5354
81.600000,6549
81.640000,6527
81.680000,6855
81.720000,6489
81.760000,6610
81.800000,6495
81.840000,6506
81.880000,6527
81.920000,3894
81.960000,8889
82.000000,6515
82.040000,6399
82.080000,6731
82.120000,6258
82.160000,6763
82.200000,6264
82.240000,6819
82.280000,6307
82.320000,6588
82.360000,6397
82.400000,6487
82.440000,5811
82.480000,5783
82.520000,9835
82.560000,6350
82.600000,6008
82.640000,6541
82.680000,5870
82.720000,6891
82.760000,5954
82.800000,6891
82.840000,6227
82.880000,6808
82.920000,6493
82.960000,6873
83.000000,6164
83.040000,7347
83.080000,5790
83.120000,7122
83.160000,6107
83.200000,6853
83.240000,6595
83.280000,6758
83.320000,6460
83.360000,6446
83.400000,6247
83.440000,6189
83.480000,5719
83.520000,10395
83.560000,5977
83.600000,6399
83.640000,6367
83.680000,6407
83.720000,6425
83.760000,6530
83.800000,6564
83.840000,6431
83.880000,3286
83.920000,8900
83.960000,6310
84.000000,6389
84.040000,6289
84.080000,7012
84.120000,5697
84.160000,6644
84.200000,7101
84.240000,5802
84.280000,6604
84.320000,6324
84.360000,6929
84.400000,5823
84.440000,6362
84.480000,5459
84.520000,10312
84.560000,5942
84.600000,6164
84.640000,6378
84.680000,6288
84.720000,6188
84.760000,6653
84.800000,6403
84.840000,6176
84.880000,5938
84.920000,6539
84.960000,6577
85.000000,6085
85.040000,6222
85.080000,6631
85.120000,5979
85.160000,6295
85.200000,6218
85.240000,6371
85.280000,6509
85.320000,5675
85.360000,6525
85.400000,5583
85.440000,5906
85.480000,5878
85.520000,9305
85.560000,5801
85.600000,5944
85.640000,6246
85.680000,6252
85.720000,5986
85.760000,5994
85.800000,6729
85.840000,6200
85.880000,6460
85.920000,6300
85.960000,6452
86.000000,6920
86.040000,5786
86.080000,6416
86.120000,6418
86.160000,6629
86.200000,6284
86.240000,6166
86.280000,5956
86.320000,5928
86.360000,6523
86.400000,5685
86.440000,5995
86.480000,4596
86.520000,9076
86.560000,5433
86.600000,4981
86.640000,6045
86.680000,4999
86.720000,5536
86.760000,5373
86.800000,5551
86.840000,4990
86.880000,5484
86.920000,5118
86.960000,5471
87.000000,5065
87.040000,5294
87.080000,5424
87.120000,5114
87.160000,5535
87.200000,5269
87.240000,5310
87.280000,5677
87.320000,5175
87.360000,5695
87.400000,5428
87.440000,5442
87.480000,4998
87.520000,8337
87.560000,5385
87.600000,5775
87.640000,5803
87.680000,5302
87.720000,4888
87.760000,6573
87.800000,5126
87.840000,5922
87.880000,5296
87.920000,5253
87.960000,5571
88.000000,5512
88.040000,5131
88.080000,5023
88.120000,5851
88.160000,5067
88.200000,5131
88.240000,5413
88.280000,4985
88.320000,5088
88.360000,4970
88.400000,4699
88.440000,5219
88.480000,4477
88.520000,5861
88.560000,5393
88.600000,5021
88.640000,5115
88.680000,4508
88.720000,4749
88.760000,4829
88.800000,4346
88.840000,4619
88.880000,4879
88.920000,4457
88.960000,4871
89.000000,4851
89.040000,4677
89.080000,4811
89.120000,4811
89.160000,4622
89.200000,5143
89.240000,4722
89.280000,5080
89.320000,5054
89.360000,4625
89.400000,5483
89.440000,4895
89.480000,4577
89.520000,6142
89.560000,5113
89.600000,4807
89.640000,4886
89.680000,4558
89.720000,4562
89.760000,4897
89.800000,4939
89.840000,5204
89.880000,4574
89.920000,4169
89.960000,4545
90.000000,4432
90.040000,4665
90.080000,4718
90.120000,4642
90.160000,4439
90.200000,4303
90.240000,13875
90.280000,4698
90.320000,4471
90.360000,4445
90.400000,4790
90.440000,4767
90.480000,4099
90.520000,5805
90.560000,4688
90.600000,4669
90.640000,4774
90.680000,4901
90.720000,4986
90.760000,4501
90.800000,4925
90.840000,5061
90.880000,4727
90.920000,4442
90.960000,4837
91.000000,5142
91.040000,5199
91.080000,5078
91.120000,4839
91.160000,4962
91.200000,4661
91.240000,5101
91.280000,4786
91.320000,4976
91.360000,4963
91.400000,4832
91.440000,4807
91.480000,4576
91.520000,6234
91.560000,4885
91.600000,4790
91.640000,4890
91.680000,4921
91.720000,4796
91.760000,4628
91.800000,4754
91.840000,4785
91.880000,4715
91.920000,4543
91.960000,4274
92.000000,4504
92.040000,4723
92.080000,4877
92.120000,4715
92.160000,4522
92.200000,4841
92.240000,5065
92.280000,4719
92.320000,4795
92.360000,4717
92.400000,4744
92.440000,4759
92.480000,4851
92.520000,5417
92.560000,4899
92.600000,5039
92.640000,4836
92.680000,4881
92.720000,4944
92.760000,4391
92.800000,5187
92.840000,5001
92.880000,4473
92.920000,5289
92.960000,4773
93.000000,4943
93.040000,4884
93.080000,4825
93.120000,5130
93.160000,4490
93.200000,5041
93.240000,4747
93.280000,4491
93.320000,5174
93.360000,4746
93.400000,5005
93.440000,4662
93.480000,4833
93.520000,5556
93.560000,4783
93.600000,4950
93.640000,5063
93.680000,4890
93.720000,5176
93.760000,4696
93.800000,4923
93.840000,4807
93.880000,4983
93.920000,4494
93.960000,5004
94.000000,4966
94.040000,4776
94.080000,5173
94.120000,4579
94.160000,4918
94.200000,4700
94.240000,4828
94.280000,5005
94.320000,4711
94.360000,4548
94.400000,4561
94.440000,4522
94.480000,4422
94.520000,4643
94.560000,4618
94.600000,4661
94.640000,4455
94.680000,4391
94.720000,4401
94.760000,4057
94.800000,4471
94.840000,4482
94.880000,4315
94.920000,4351
94.960000,4335
95.000000,4443
95.040000,4356
95.080000,4098
95.120000,4307
95.160000,4646
95.200000,4624
95.240000,4801
95.280000,4336
95.320000,4509
95.360000,4700
95.400000,4931
95.440000,4631
95.480000,4753
95.520000,5335
95.560000,4728
95.600000,4826
95.640000,4829
95.680000,4983
95.720000,4923
95.760000,4896
95.800000,4970
95.840000,5291
95.880000,5235
95.920000,5178
95.960000,5277
96.000000,5155
96.040000,5302
96.080000,5332
96.120000,5609
96.160000,5457
96.200000,5330
96.240000,5298
96.280000,5330
96.320000,5160
96.360000,5168
96.400000,5497
96.440000,5489
96.480000,5363
96.520000,6317
96.560000,5806
96.600000,5512
96.640000,5775
96.680000,5817
96.720000,5767
96.760000,5778
96.800000,5891
96.840000,5702
96.880000,5809
96.920000,5808
96.960000,6272
97.000000,6003
97.040000,6327
97.080000,5953
97.120000,6323
97.160000,6510
97.200000,6856
97.240000,6272
97.280000,6770
97.320000,6382
97.360000,6493
97.400000,6447
97.440000,6829
97.480000,6144
97.520000,17919
97.560000,6706
97.600000,6441
97.640000,6785
97.680000,6403
97.720000,6141
97.760000,6153
97.800000,6004
97.840000,6233
97.880000,5848
97.920000,6039
97.960000,6180
98.000000,5698
98.040000,6244
98.080000,6057
98.120000,5927
98.160000,5780
98.200000,5915
98.240000,5878
98.280000,6100
98.320000,6038
98.360000,5932
98.400000,6267
98.440000,5772
98.480000,6045
98.520000,7313
98.560000,6860
98.600000,6213
98.640000,6423
98.680000,6887
98.720000,7040
98.760000,7040
98.800000,7237
98.840000,7089
98.880000,7685
98.920000,7424
98.960000,7939
99.000000,7587
99.040000,8266
99.080000,7809
99.120000,8209
99.160000,7820
99.200000,7700
99.240000,7970
99.280000,8080
99.320000,7815
99.360000,8323
99.400000,7910
99.440000,7653
99.480000,7338
99.520000,9628
99.560000,7882
99.600000,7219
99.640000,7326
99.680000,7140
99.720000,6815
99.760000,6914
99.800000,6688
99.840000,6915
99.880000,6879
99.920000,6637
99.960000,6716
100.000000,6519
100.040000,6591
100.080000,6612
100.120000,6355
100.160000,6251
100.200000,5980
100.240000,6461
100.280000,6343
100.320000,6590
100.360000,5969
100.400000,6740
100.440000,5906
100.480000,6296
100.520000,8499
100.560000,6735
100.600000,6615
100.640000,6637
100.680000,7559
100.720000,6832
100.760000,7201
100.800000,7439
100.840000,7422
100.880000,7677
100.920000,7227
100.960000,7811
101.000000,8549
101.040000,7892
101.080000,8096
101.120000,7568
101.160000,8385
101.200000,8266
101.240000,7971
101.280000,8093
101.320000,8069
101.360000,7685
101.400000,8324
101.440000,7820
101.480000,7629
101.520000,10027
101.560000,7723
101.600000,7320
101.640000,7505
101.680000,7116
101.720000,7034
101.760000,6964
101.800000,6850
101.840000,6299
101.880000,6676
101.920000,6517
101.960000,6558
102.000000,6682
102.040000,6219
102.080000,6050
102.120000,6346
102.160000,6510
102.200000,6323
102.240000,6791
102.280000,6281
102.320000,6244
102.360000,6678
102.400000,6676
102.440000,5968
102.480000,6132
102.520000,8247
102.560000,6828
102.600000,6798
102.640000,6479
102.680000,6713
102.720000,6851
102.760000,7294
102.800000,6518
102.840000,6510
102.880000,7161
102.920000,6651
102.960000,6646
103.000000,7084
103.040000,6850
103.080000,6587
103.120000,6847
103.160000,6923
103.200000,6808
103.240000,6816
103.280000,6917
103.320000,6437
103.360000,6801
103.400000,6575
103.440000,6737
103.480000,6304
103.520000,8179
103.560000,6867
103.600000,7022
103.640000,6290
103.680000,6614
103.720000,6579
103.760000,6603
103.800000,6566
103.840000,6450
103.880000,6799
103.920000,6675
103.960000,6258
104.000000,6490
104.040000,5719
104.080000,6111
104.120000,6045
104.160000,6039
104.200000,5577
104.240000,5981
104.280000,5530
104.320000,5591
104.360000,5625
104.400000,5693
104.440000,5318
104.480000,5274
104.520000,5623
104.560000,5174
104.600000,5418
104.640000,5463
104.680000,5223
104.720000,5084
104.760000,5119
104.800000,5095
104.840000,5206
104.880000,5313
104.920000,5167
104.960000,5406
105.000000,5254
105.040000,5235
105.080000,5397
105.120000,5182
105.160000,5583
105.200000,5228
105.240000,5644
105.280000,12808
105.320000,5261
105.360000,5711
105.400000,5338
105.440000,5689
105.480000,5367
105.520000,6573
105.560000,5814
105.600000,6313
105.640000,5787
105.680000,6490
105.720000,6122
105.760000,6541
105.800000,6481
105.840000,7032
105.880000,6891
105.920000,6987
105.960000,7067
106.000000,7748
106.040000,7148
106.080000,7205
106.120000,7055
106.160000,7700
106.200000,7329
106.240000,7932
106.280000,7782
106.320000,7812
106.360000,7829
106.400000,8089
106.440000,7996
106.480000,7504
106.520000,9739
106.560000,8258
106.600000,8481
106.640000,8149
106.680000,7997
106.720000,7864
106.760000,8779
106.800000,8938
106.840000,9280
106.880000,9194
106.920000,9281
106.960000,9904
107.000000,10341
107.040000,10047
107.080000,9953
107.120000,9539
107.160000,9721
107.200000,9740
107.240000,10032
107.280000,10470
107.320000,10782
107.360000,10453
107.400000,10945
107.440000,11255
107.480000,10369
107.520000,18064
107.560000,11613
107.600000,11797
107.640000,12630
107.680000,13594
107.720000,13788
107.760000,14539
107.800000,14278
107.840000,13616
107.880000,15712
107.920000,13652
107.960000,13283
108.000000,13278
108.040000,13556
108.080000,14003
108.120000,16730
108.160000,17717
108.200000,19380
108.240000,22063
108.280000,23648
108.320000,22883
108.360000,22947
108.400000,25030
108.440000,26400
108.480000,28585
108.520000,31310
108.560000,28143
108.600000,27539
108.640000,26611
108.680000,26408
108.720000,25929
108.760000,26602
108.800000,26738
108.840000,37289
108.880000,24265
108.920000,22747
108.960000,21951
109.000000,21174
109.040000,20762
109.080000,19636
109.120000,18810
109.160000,18710
109.200000,19079
109.240000,18203
109.280000,18408
109.320000,18460
109.360000,18297
109.400000,18717
109.440000,18376
109.480000,18139
109.520000,22627
109.560000,17442
109.600000,16459
109.640000,15574
109.680000,14874
109.720000,14201
109.760000,14085
109.800000,14427
109.840000,14617
109.880000,13928
109.920000,14513
109.960000,14791
110.000000,15051
110.040000,14906
110.080000,15846
110.120000,15554
110.160000,14962
110.200000,14699
110.240000,14983
110.280000,14314
110.320000,13895
110.360000,13859
110.400000,14011
110.440000,14600
110.480000,16027
110.520000,25683
110.560000,14801
110.600000,14558
110.640000,15577
110.680000,14881
110.720000,14003
110.760000,12942
110.800000,13403
110.840000,12507
110.880000,12300
110.920000,12425
110.960000,12967
111.000000,12059
111.040000,13661
111.080000,12795
111.120000,12535
111.160000,13535
111.200000,14117
111.240000,13528
111.280000,13155
111.320000,12315
111.360000,11703
111.400000,11408
111.440000,10956
111.480000,10267
111.520000,14473
111.560000,11382
111.600000,12241
111.640000,11989
111.680000,12504
111.720000,12373
111.760000,11808
111.800000,12203
111.840000,12949
111.880000,12968
111.920000,12281
111.960000,11575
112.000000,11379
112.040000,10711
112.080000,11502
112.120000,11683
112.160000,11836
112.200000,11386
112.240000,11143
112.280000,10350
112.320000,10080
112.360000,9332
112.400000,8892
112.440000,9218
112.480000,9323
112.520000,12648
112.560000,9910
112.600000,9752
112.640000,9610
112.680000,9965
112.720000,9402
112.760000,8337
112.800000,8842
112.840000,9091
112.880000,8046
112.920000,7699
112.960000,7096
113.000000,6766
113.040000,7533
113.080000,8986
113.120000,10131
113.160000,9825
113.200000,10963
113.240000,9320
113.280000,8203
113.320000,7587
113.360000,8815
113.400000,9005
113.440000,8667
113.480000,8742
113.520000,11814
113.560000,8485
113.600000,8814
113.640000,9220
113.680000,9749
113.720000,9995
113.760000,10136
113.800000,9676
113.840000,9725
113.880000,8228
113.920000,7773
113.960000,7073
114.000000,7641
114.040000,7645
114.080000,7657
114.120000,7972
114.160000,8584
114.200000,9259
114.240000,11341
114.280000,11655
114.320000,10879
114.360000,9420
114.400000,7887
114.440000,6480
114.480000,7325
114.520000,10855
114.560000,8938
114.600000,8009
114.640000,7549
114.680000,6966
114.720000,7075
114.760000,8206
114.800000,10585
114.840000,11650
114.880000,11746
114.920000,20045
114.960000,11620
115.000000,10184
115.040000,9391
115.080000,8864
115.120000,8230
115.160000,7568
115.200000,8268
115.240000,9066
115.280000,9206
115.320000,9318
115.360000,11243
115.400000,12243
115.440000,11730
115.480000,9697
115.520000,11951
115.560000,10794
115.600000,12340
115.640000,12371
115.680000,13158
115.720000,12143
115.760000,11229
115.800000,9626
115.840000,9195
115.880000,8869
115.920000,8916
115.960000,8501
116.000000,8313
116.040000,7438
116.080000,7454
116.120000,7050
116.160000,6494
116.200000,6360
116.240000,4794
116.280000,8045
116.320000,7478
116.360000,7708
116.400000,8106
116.440000,8174
116.480000,7149
116.520000,9092
116.560000,5875
116.600000,6010
116.640000,6739
116.680000,6456
116.720000,4870
116.760000,6968
116.800000,5956
116.840000,4180
116.880000,6737
116.920000,5846
116.960000,6194
117.000000,6773
117.040000,7119
117.080000,7205
117.120000,6790
117.160000,6456
117.200000,6570
117.240000,7615
117.280000,11022
117.320000,9987
117.360000,9490
117.400000,8493
117.440000,7911
117.480000,7616
117.520000,9133
117.560000,7491
117.600000,7692
117.640000,8260
117.680000,8282
117.720000,9558
117.760000,12648
117.800000,13368
117.840000,13732
117.880000,13382
117.920000,12952
117.960000,12133
118.000000,10871
118.040000,9315
118.080000,8544
118.120000,7376
118.160000,7440
118.200000,8665
118.240000,9188
118.280000,8813
118.320000,8476
118.360000,8060
118.400000,7929
118.440000,7971
118.480000,7828
118.520000,9522
118.560000,6845
118.600000,6109
118.640000,6706
118.680000,7019
118.720000,6888
118.760000,6362
118.800000,6006
118.840000,5382
118.880000,6235
118.920000,6498
118.960000,6210
119.000000,7451
119.040000,8403
119.080000,8436
119.120000,7791
119.160000,7932
119.200000,8523
119.240000,8408
119.280000,7880
119.320000,7948
119.360000,6639
119.400000,6367
119.440000,5788
119.480000,6549
119.520000,8899
119.560000,7518
119.600000,7186
119.640000,6760
119.680000,6514
119.720000,6041
119.760000,5820
119.800000,6125
119.840000,6610
119.880000,6438
119.920000,6009
119.960000,6271
120.000000,6652
120.040000,6361
120.080000,6134
120.120000,5856
120.160000,5690
120.200000,5864
120.240000,6183
120.280000,5968
120.320000,5940
120.360000,5770
120.400000,5164
120.440000,5482
120.480000,5604
120.520000,8187
120.560000,6914
120.600000,6737
120.640000,6109
120.680000,6656
120.720000,7420
120.760000,7272
120.800000,7337
120.840000,6765
120.880000,6678
120.920000,6006
120.960000,5345
121.000000,5022
121.040000,4632
121.080000,4935
121.120000,5034
121.160000,5762
121.200000,5091
121.240000,4754
121.280000,5183
121.320000,6801
121.360000,7733
121.400000,8438
121.440000,8634
121.480000,8054
121.520000,18814
121.560000,7508
121.600000,6460
121.640000,6282
121.680000,6793
121.720000,7133
121.760000,7210
121.800000,6375
121.840000,6211
121.880000,5800
121.920000,5405
121.960000,5393
122.000000,7007
122.040000,8247
122.080000,8235
122.120000,7754
122.160000,6349
122.200000,5306
122.240000,4572
122.280000,4746
122.320000,5613
122.360000,6926
122.400000,6907
122.440000,6188
122.480000,6422
122.520000,8018
122.560000,5627
122.600000,3404
122.640000,5769
122.680000,5071
122.720000,5603
122.760000,7419
122.800000,7950
122.840000,7707
122.880000,7804
122.920000,7781
122.960000,7500
123.000000,7542
123.040000,7198
123.080000,6233
123.120000,2972
123.160000,5985
123.200000,4802
123.240000,6109
123.280000,6346
123.320000,5772
123.360000,5535
123.400000,5468
123.440000,5278
123.480000,3883
123.520000,6697
123.560000,4047
123.600000,4477
123.640000,4413
123.680000,4317
123.720000,4080
123.760000,2764
123.800000,6095
123.840000,5059
123.880000,5176
123.920000,4506
123.960000,4210
124.000000,4458
124.040000,4220
124.080000,4003
124.120000,2267
124.160000,5101
124.200000,4591
124.240000,4930
124.280000,2917
124.320000,6299
124.360000,3478
124.400000,6351
124.440000,5157
124.480000,5195
124.520000,7314
124.560000,5338
124.600000,5902
124.640000,6274
124.680000,7211
124.720000,8308
124.760000,8233
124.800000,8498
124.840000,8241
124.880000,7643
124.920000,7341
124.960000,6883
125.000000,5956
125.040000,5849
125.080000,5824
125.120000,5752
125.160000,5438
125.200000,5137
125.240000,5402
125.280000,5974
125.320000,3815
125.360000,6858
125.400000,4721
125.440000,7343
125.480000,6380
125.520000,8486
125.560000,3585
125.600000,6570
125.640000,4770
125.680000,4507
125.720000,3287
125.760000,6620
125.800000,6708
125.840000,6900
125.880000,6888
125.920000,6087
125.960000,2517
126.000000,5755
126.040000,5464
126.080000,3431
126.120000,5797
126.160000,6874
126.200000,7694
126.240000,7903
126.280000,7268
126.320000,6342
126.360000,5522
126.400000,3656
126.440000,3843
126.480000,4668
126.520000,7054
126.560000,4473
126.600000,4587
126.640000,5231
126.680000,5270
126.720000,5093
126.760000,4836
126.800000,4046
126.840000,3970
126.880000,4821
126.920000,5609
126.960000,4600
127.000000,7871
127.040000,7103
127.080000,6311
127.120000,3699
127.160000,6801
127.200000,6129
127.240000,3787
127.280000,6808
127.320000,2866
127.360000,6018
127.400000,4863
127.440000,4617
127.480000,3958
127.520000,6331
127.560000,4406
127.600000,4490
127.640000,4381
127.680000,2265
127.720000,6260
127.760000,4304
127.800000,4283
127.840000,2802
127.880000,5689
127.920000,3000
127.960000,5490
128.000000,5262
128.040000,6049
128.080000,4411
128.120000,7371
128.160000,5639
128.200000,1926
128.240000,5392
128.280000,1893
128.320000,5311
128.360000,2662
128.400000,5646
128.440000,3169
128.480000,5061
128.520000,6742
128.560000,3340
128.600000,6518
128.640000,5216
128.680000,3876
128.720000,3872
128.760000,1684
128.800000,5031
128.840000,2242
128.880000,5542
128.920000,1909
128.960000,5092
129.000000,1774
129.040000,4726
129.080000,1853
129.120000,4474
129.160000,1508
129.200000,4567
129.240000,2090
129.280000,4601
129.320000,3103
129.360000,1983
129.400000,4838
129.440000,4086
129.480000,3678
129.520000,5544
129.560000,2599
129.600000,5659
129.640000,1889
129.680000,4603
129.720000,2796
129.760000,3473
129.800000,2467
129.840000,4558
129.880000,3732
129.920000,2090
129.960000,5335
130.000000,5284
130.040000,5362
130.080000,1735
130.120000,4726
130.160000,3299
130.200000,1988
130.240000,5051
130.280000,1951
130.320000,4585
130.360000,1996
130.400000,5085
130.440000,1473
130.480000,3663
130.520000,4273
130.560000,2454
130.600000,1887
130.640000,4873
130.680000,2159
130.720000,5093
130.760000,2701
130.800000,5334
130.840000,1908
130.880000,4914
130.920000,1392
130.960000,4350
131.000000,2064
131.040000,5012
131.080000,4795
131.120000,2181
131.160000,6194
131.200000,3034
131.240000,6477
131.280000,2022
131.320000,5432
131.360000,1335
131.400000,4415
131.440000,1471
131.480000,4155
131.520000,19371
131.560000,1422
131.600000,4565
131.640000,1141
131.680000,4126
131.720000,1048
131.760000,4642
131.800000,2158
131.840000,6193
131.880000,2470
131.920000,6181
131.960000,1934
132.000000,5875
132.040000,1745
132.080000,5254
132.120000,1199
132.160000,4361
132.200000,1075
132.240000,4795
132.280000,1572
132.320000,4882
132.360000,1952
132.400000,5187
132.440000,1705
132.480000,4366
132.520000,2441
132.560000,6917
132.600000,1833
132.640000,5399
132.680000,1996
132.720000,5795
132.760000,1587
132.800000,4806
132.840000,1160
132.880000,4421
132.920000,2146
132.960000,5604
133.000000,2034
133.040000,5571
133.080000,2250
133.120000,5665
133.160000,2312
133.200000,5894
133.240000,1849
133.280000,6014
133.320000,1830
133.360000,5195
133.400000,1354
133.440000,4948
133.480000,1876
133.520000,6724
133.560000,4633
133.600000,1208
133.640000,4872
133.680000,840
133.720000,4721
133.760000,4259
133.800000,4698
133.840000,1593
133.880000,5697
133.920000,2173
133.960000,6561
134.000000,1996
134.040000,5948
134.080000,1807
134.120000,5624
134.160000,1535
134.200000,5309
134.240000,1396
134.280000,5298
134.320000,1238
134.360000,4738
134.400000,679
134.440000,4265
134.480000,1101
134.520000,6403
134.560000,1507
134.600000,5298
134.640000,1113
134.680000,5274
134.720000,966
134.760000,4898
134.800000,881
134.840000,4565
134.880000,665
134.920000,4367
134.960000,1030
135.000000,5284
135.040000,1386
135.080000,5394
135.120000,1263
135.160000,5000
135.200000,1139
135.240000,4954
135.280000,1598
135.320000,5317
135.360000,1681
135.400000,5200
135.440000,1891
135.480000,5162
135.520000,1489
135.560000,5840
135.600000,1866
135.640000,5925
135.680000,1661
135.720000,5964
135.760000,1498
135.800000,5600
135.840000,1222
135.880000,5689
135.920000,1971
135.960000,5773
136.000000,1707
136.040000,5207
136.080000,1651
136.120000,5426
136.160000,1434
136.200000,5137
136.240000,1217
136.280000,4694
136.320000,1133
136.360000,4986
136.400000,941
136.440000,4861
136.480000,1870
136.520000,7273
136.560000,1367
136.600000,5839
136.640000,1010
136.680000,5002
136.720000,953
136.760000,862
136.800000,5237
136.840000,889
136.880000,843
136.920000,5511
136.960000,1069
137.000000,4908
137.040000,919
137.080000,783
137.120000,4977
137.160000,786
137.200000,4519
137.240000,1102
137.280000,907
137.320000,4418
137.360000,806
137.400000,957
137.440000,4465
137.480000,1341
137.520000,5661
137.560000,1140
137.600000,4099
137.640000,3862
137.680000,4037
137.720000,1290
137.760000,5050
137.800000,1382
137.840000,5545
137.880000,1019
137.920000,4613
137.960000,913
138.000000,4890
138.040000,985
138.080000,4796
138.120000,1005
138.160000,4724
138.200000,975
138.240000,4502
138.280000,1573
138.320000,5173
138.360000,1229
138.400000,4747
138.440000,1518
138.480000,4721
138.520000,1228
138.560000,5794
138.600000,944
138.640000,4753
138.680000,1002
138.720000,4443
138.760000,1164
138.800000,4978
138.840000,1461
138.880000,4847
138.920000,1351
138.960000,4841
139.000000,1810
139.040000,5668
139.080000,1743
139.120000,5959
139.160000,1563
139.200000,5049
139.240000,4492
139.280000,1603
139.320000,5487
139.360000,1087
139.400000,5152
139.440000,1146
139.480000,4905
139.520000,1588
139.560000,6500
139.600000,1020
139.640000,1015
139.680000,5417
139.720000,956
139.760000,4567
139.800000,1302
139.840000,4825
139.880000,1415
139.920000,4811
139.960000,927
140.000000,4893
140.040000,1056
140.080000,5330
140.120000,1376
140.160000,995
140.200000,5045
140.240000,974
140.280000,4701
140.320000,1336
140.360000,5518
140.400000,1588
140.440000,5340
140.480000,1305
140.520000,7056
140.560000,1184
140.600000,933
140.640000,4658
140.680000,955
140.720000,4661
140.760000,1302
140.800000,6321
140.840000,1302
140.880000,5883
140.920000,1092
140.960000,880
141.000000,5176
141.040000,1020
141.080000,5591
141.120000,1766
141.160000,6196
141.200000,1670
141.240000,5998
141.280000,1295
141.320000,6116
141.360000,1010
141.400000,5498
141.440000,981
141.480000,5470
141.520000,30998
141.560000,819
141.600000,2421
141.640000,5632
141.680000,996
141.720000,895
141.760000,4844
141.800000,923
141.840000,809
141.880000,5278
141.920000,955
141.960000,5259
142.000000,4442
142.040000,1019
142.080000,817
142.120000,5810
142.160000,794
142.200000,782
142.240000,5449
142.280000,1055
142.320000,1012
142.360000,5100
142.400000,774
142.440000,4203
142.480000,1256
142.520000,6455
142.560000,1356
142.600000,5827
142.640000,1268
142.680000,902
142.720000,6382
142.760000,1310
142.800000,1168
142.840000,6267
142.880000,1118
142.920000,886
142.960000,6194
143.000000,1059
143.040000,1079
143.080000,6086
143.120000,1087
143.160000,808
143.200000,6165
143.240000,1100
143.280000,5716
143.320000,1390
143.360000,1085
143.400000,6051
143.440000,1078
143.480000,1190
143.520000,6780
143.560000,1006
143.600000,875
143.640000,4739
143.680000,828
143.720000,764
143.760000,5014
143.800000,1014
143.840000,5645
143.880000,1702
143.920000,1413
143.960000,5885
144.000000,954
144.040000,5819
144.080000,1227
144.120000,1074
144.160000,6221
144.200000,806
144.240000,850
144.280000,6335
144.320000,774
144.360000,816
144.400000,5736
144.440000,937
144.480000,871
144.520000,5888
144.560000,855
144.600000,1071
144.640000,4864
144.680000,1401
144.720000,5616
144.760000,1864
144.800000,6288
144.840000,2145
144.880000,8446
144.920000,1863
144.960000,6662
145.000000,1502
145.040000,7024
145.080000,1422
145.120000,6003
145.160000,1463
145.200000,6015
145.240000,1810
145.280000,1455
145.320000,5997
145.360000,1102
145.400000,908
145.440000,6453
145.480000,1311
145.520000,1249
145.560000,7361
145.600000,841
145.640000,1657
145.680000,990
145.720000,5973
145.760000,1117
145.800000,6426
145.840000,1811
145.880000,1314
145.920000,6423
145.960000,1005
146.000000,1204
146.040000,6954
146.080000,985
146.120000,944
146.160000,6617
146.200000,870
146.240000,995
146.280000,6718
146.320000,798
146.360000,658
146.400000,5468
146.440000,3527
146.480000,1060
146.520000,1359
146.560000,5921
146.600000,595
146.640000,633
146.680000,5753
146.720000,1201
146.760000,1665
146.800000,6772
146.840000,1420
146.880000,1105
146.920000,6380
146.960000,1206
147.000000,5438
147.040000,1800
147.080000,2113
147.120000,6659
147.160000,1462
147.200000,992
147.240000,5799
147.280000,928
147.320000,867
147.360000,6475
147.400000,977
147.440000,987
147.480000,6340
147.520000,1812
147.560000,1363
147.600000,6814
147.640000,989
147.680000,1083
147.720000,6531
147.760000,1427
147.800000,1130
147.840000,6133
147.880000,1147
147.920000,1264
147.960000,6188
148.000000,2065
148.040000,8025
148.080000,3106
148.120000,8057
148.160000,2123
148.200000,7610
148.240000,2280
148.280000,7115
148.320000,1346
148.360000,7413
148.400000,1511
148.440000,7670
148.480000,1504
148.520000,11251
148.560000,1371
148.600000,1322
148.640000,7784
148.680000,1189
148.720000,1026
148.760000,7627
148.800000,1050
148.840000,1259
148.880000,8265
148.920000,1057
148.960000,1169
149.000000,7838
149.040000,1692
149.080000,2147
149.120000,7234
149.160000,1122
149.200000,1130
149.240000,7576
149.280000,1209
149.320000,1238
149.360000,8030
149.400000,1719
149.440000,7529
149.480000,1592
149.520000,11048
149.560000,1242
149.600000,1123
149.640000,8163
149.680000,1282
149.720000,1651
149.760000,8518
149.800000,1291
149.840000,1337
149.880000,8297
149.920000,1376
149.960000,1357
150.000000,7902
150.040000,1796
150.080000,1748
150.120000,8223
150.160000,1260
150.200000,8140
150.240000,1505
150.280000,8349
150.320000,1777
150.360000,1432
150.400000,7888
150.440000,1667
150.480000,8082
150.520000,2152
150.560000,10419
150.600000,1507
150.640000,1532
150.680000,8514
150.720000,1419
150.760000,8723
150.800000,1693
150.840000,1252
150.880000,8791
150.920000,1140
150.960000,8297
151.000000,1502
151.040000,1227
151.080000,8471
151.120000,1041
151.160000,1108
151.200000,8172
151.240000,1660
151.280000,1775
151.320000,8969
151.360000,1121
151.400000,7762
151.440000,1607
151.480000,8259
151.520000,38464
151.560000,1386
151.600000,1488
151.640000,9392
151.680000,1268
151.720000,8008
151.760000,1837
151.800000,8161
151.840000,2037
151.880000,8741
151.920000,1819
151.960000,7985
152.000000,2105
152.040000,8684
152.080000,2065
152.120000,9652
152.160000,1625
152.200000,8703
152.240000,1303
152.280000,8956
152.320000,1612
152.360000,8722
152.400000,1346
152.440000,8056
152.480000,1422
152.520000,12803
152.560000,1438
152.600000,981
152.640000,9364
152.680000,1142
152.720000,1197
152.760000,8793
152.800000,1341
152.840000,1372
152.880000,8388
152.920000,1379
152.960000,1384
153.000000,8515
153.040000,1641
153.080000,9383
153.120000,1626
153.160000,1404
153.200000,9225
153.240000,1407
153.280000,9384
153.320000,1728
153.360000,8783
153.400000,1332
153.440000,9007
153.480000,1511
153.520000,13360
153.560000,2089
153.600000,1882
153.640000,10619
153.680000,1509
153.720000,1280
153.760000,9665
153.800000,1270
153.840000,1175
153.880000,8893
153.920000,1268
153.960000,8358
154.000000,1885
154.040000,1883
154.080000,10610
154.120000,1667
154.160000,1590
154.200000,11411
154.240000,1371
154.280000,1407
154.320000,10679
154.360000,1363
154.400000,1266
154.440000,9290
154.480000,1211
154.520000,1785
154.560000,9971
154.600000,1401
154.640000,1683
154.680000,9163
154.720000,1933
154.760000,1633
154.800000,9835
154.840000,1427
154.880000,8783
154.920000,1766
154.960000,8872
155.000000,1911
155.040000,8688
155.080000,1790
155.120000,9220
155.160000,1717
155.200000,9147
155.240000,1467
155.280000,8170
155.320000,1511
155.360000,8482
155.400000,2085
155.440000,8872
155.480000,2601
155.520000,13051
155.560000,3854
155.600000,11829
155.640000,4920
155.680000,11224
155.720000,4012
155.760000,10604
155.800000,4127
155.840000,10844
155.880000,2403
155.920000,8981
155.960000,1899
156.000000,8974
156.040000,1944
156.080000,8781
156.120000,1597
156.160000,9109
156.200000,2103
156.240000,8259
156.280000,2351
156.320000,8546
156.360000,1899
156.400000,7920
156.440000,1999
156.480000,8404
156.520000,2475
156.560000,10192
156.600000,1979
156.640000,9627
156.680000,2455
156.720000,9263
156.760000,2011
156.800000,9616
156.840000,2717
156.880000,9498
156.920000,2425
156.960000,9510
157.000000,2411
157.040000,9523
157.080000,2735
157.120000,9847
157.160000,2435
157.200000,9992
157.240000,2444
157.280000,10441
157.320000,2125
157.360000,9819
157.400000,1892
157.440000,8899
157.480000,2101
157.520000,12742
157.560000,1685
157.600000,1342
157.640000,10249
157.680000,1559
157.720000,1721
157.760000,10379
157.800000,1513
157.840000,9482
157.880000,2262
157.920000,10145
157.960000,2450
158.000000,11018
158.040000,2132
158.080000,1904
158.120000,10437
158.160000,2496
158.200000,9621
158.240000,2029
158.280000,1658
158.320000,10075
158.360000,1830
158.400000,1917
158.440000,9194
158.480000,1556
158.520000,11354
158.560000,7027
158.600000,1982
158.640000,9706
158.680000,2516
158.720000,2282
158.760000,10470
158.800000,1326
158.840000,1462
158.880000,10102
158.920000,1493
158.960000,1553
159.000000,10285
159.040000,1702
159.080000,1816
159.120000,10248
159.160000,1666
159.200000,1583
159.240000,10332
159.280000,1526
159.320000,9163
159.360000,2184
159.400000,1843
159.440000,9746
159.480000,1902
159.520000,13105
159.560000,2177
159.600000,1783
159.640000,11414
159.680000,1557
159.720000,1663
159.760000,10192
159.800000,1683
159.840000,9827
159.880000,1810
159.920000,10311
159.960000,2072
160.000000,1715
160.040000,10570
160.080000,1582
160.120000,1528
160.160000,10408
160.200000,1487
160.240000,1453
160.280000,9696
160.320000,1613
160.360000,1561
160.400000,10009
160.440000,1472
160.480000,7923
160.520000,2081
160.560000,10788
160.600000,1426
160.640000,1506
160.680000,10014
160.720000,1528
160.760000,1404
160.800000,10198
160.840000,1473
160.880000,1787
160.920000,10396
160.960000,1762
161.000000,1734
161.040000,9758
161.080000,2115
161.120000,9900
161.160000,1921
161.200000,8989
161.240000,2421
161.280000,10218
161.320000,2352
161.360000,9647
161.400000,2285
161.440000,10280
161.480000,2794
161.520000,35740
161.560000,2226
161.600000,2297
161.640000,11673
161.680000,1631
161.720000,1672
161.760000,10675
161.800000,1800
161.840000,9523
161.880000,2884
161.920000,13831
161.960000,6771
162.000000,14598
162.040000,2943
162.080000,11253
162.120000,1707
162.160000,1679
162.200000,10393
162.240000,1896
162.280000,9337
162.320000,2027
162.360000,9906
162.400000,2183
162.440000,9428
162.480000,2197
162.520000,14055
162.560000,2239
162.600000,1794
162.640000,11174
162.680000,2268
162.720000,2213
162.760000,10871
162.800000,1641
162.840000,1599
162.880000,9608
162.920000,1878
162.960000,9220
163.000000,1899
163.040000,1726
163.080000,9012
163.120000,1821
163.160000,8835
163.200000,6985
163.240000,1654
163.280000,8101
163.320000,1748
163.360000,8879
163.400000,1629
163.440000,8213
163.480000,2250
163.520000,12725
163.560000,1960
163.600000,1773
163.640000,9448
163.680000,1589
163.720000,7576
163.760000,2228
163.800000,8226
163.840000,2091
163.880000,8432
163.920000,7011
163.960000,1876
164.000000,8655
164.040000,1921
164.080000,8521
164.120000,2007
164.160000,9027
164.200000,1898
164.240000,8903
164.280000,1607
164.320000,8879
164.360000,2011
164.400000,8828
164.440000,2080
164.480000,8752
164.520000,2917
164.560000,12089
164.600000,1724
164.640000,1806
164.680000,10332
164.720000,2290
164.760000,9625
164.800000,1986
164.840000,9591
164.880000,1852
164.920000,9209
164.960000,1658
165.000000,9812
165.040000,2026
165.080000,1907
165.120000,10331
165.160000,1745
165.200000,1603
165.240000,10174
165.280000,1566
165.320000,1768
165.360000,8973
165.400000,1542
165.440000,1857
165.480000,8177
165.520000,2266
165.560000,10423
165.600000,2139
165.640000,2332
165.680000,10412
165.720000,1913
165.760000,2302
165.800000,9764
165.840000,1574
165.880000,8473
165.920000,7086
165.960000,1740
166.000000,9376
166.040000,1846
166.080000,9190
166.120000,2163
166.160000,10049
166.200000,1929
166.240000,10010
166.280000,1617
166.320000,9433
166.360000,1495
166.400000,8953
166.440000,1389
166.480000,7978
166.520000,1857
166.560000,11299
166.600000,1346
166.640000,8743
166.680000,6587
166.720000,6844
166.760000,6137
166.800000,5855
166.840000,6401
166.880000,2136
166.920000,9164
166.960000,1923
167.000000,9592
167.040000,1964
167.080000,2168
167.120000,9943
167.160000,1943
167.200000,8879
167.240000,7386
167.280000,1658
167.320000,1684
167.360000,9865
167.400000,5878
167.440000,1878
167.480000,8197
167.520000,2612
167.560000,11931
167.600000,2100
167.640000,1789
167.680000,10300
167.720000,2093
167.760000,8406
167.800000,2352
167.840000,8885
167.880000,7220
167.920000,7066
167.960000,6788
168.000000,7080
168.040000,7641
168.080000,6032
168.120000,7432
168.160000,5478
168.200000,7118
168.240000,1579
168.280000,1731
168.320000,9339
168.360000,2117
168.400000,9800
168.440000,2271
168.480000,7904
168.520000,2986
168.560000,12482
168.600000,2377
168.640000,10274
168.680000,2378
168.720000,9885
168.760000,1800
168.800000,9260
168.840000,1862
168.880000,10504
168.920000,1812
168.960000,9921
169.000000,2017
169.040000,11007
169.080000,2168
169.120000,11076
169.160000,1767
169.200000,10489
169.240000,2348
169.280000,10987
169.320000,2190
169.360000,9858
169.400000,2098
169.440000,10792
169.480000,2035
169.520000,15571
169.560000,1732
169.600000,1583
169.640000,11125
169.680000,1988
169.720000,1869
169.760000,10823
169.800000,1771
169.840000,1782
169.880000,10300
169.920000,1883
169.960000,10062
170.000000,2807
170.040000,11089
170.080000,2343
170.120000,9755
170.160000,2095
170.200000,2021
170.240000,10521
170.280000,1876
170.320000,9263
170.360000,1800
170.400000,9198
170.440000,1953
170.480000,9205
170.520000,3405
170.560000,12923
170.600000,2451
170.640000,11102
170.680000,2091
170.720000,10764
170.760000,2195
170.800000,10808
170.840000,2490
170.880000,10809
170.920000,2421
170.960000,10866
171.000000,2701
171.040000,11633
171.080000,1899
171.120000,10556
171.160000,2353
171.200000,11214
171.240000,2987
171.280000,11754
171.320000,2755
171.360000,10800
171.400000,2052
171.440000,9871
171.480000,2837
171.520000,37788
171.560000,1679
171.600000,9173
171.640000,8538
171.680000,9179
171.720000,3061
171.760000,2137
171.800000,12206
171.840000,1936
171.880000,1842
171.920000,11657
171.960000,2001
172.000000,11268
172.040000,2126
172.080000,10104
172.120000,2119
172.160000,2146
172.200000,11138
172.240000,1798
172.280000,9753
172.320000,2239
172.360000,2153
172.400000,9831
172.440000,3014
172.480000,10169
172.520000,2683
172.560000,13623
172.600000,1614
172.640000,11568
172.680000,2276
172.720000,2136
172.760000,12674
172.800000,1937
172.840000,10526
172.880000,2083
172.920000,1834
172.960000,11119
173.000000,2504
173.040000,11078
173.080000,2589
173.120000,11141
173.160000,2709
173.200000,11199
173.240000,2483
173.280000,11571
173.320000,1960
173.360000,11393
173.400000,1920
173.440000,10824
173.480000,2163
173.520000,16040
173.560000,2636
173.600000,2107
173.640000,12890
173.680000,1993
173.720000,2082
173.760000,11905
173.800000,2151
173.840000,1964
173.880000,11694
173.920000,2006
173.960000,11168
174.000000,2077
174.040000,10770
174.080000,1813
174.120000,10646
174.160000,2366
174.200000,11853
174.240000,3136
174.280000,11328
174.320000,1870
174.360000,10162
174.400000,2865
174.440000,11177
174.480000,3675
174.520000,15902
174.560000,3021
174.600000,12179
174.640000,4301
174.680000,12761
174.720000,3377
174.760000,12046
174.800000,9058
174.840000,9068
174.880000,2153
174.920000,10982
174.960000,2188
175.000000,10869
175.040000,2771
175.080000,11631
175.120000,9444
175.160000,3473
175.200000,12323
175.240000,3352
175.280000,12429
175.320000,3947
175.360000,12637
175.400000,3542
175.440000,11581
175.480000,3505
175.520000,16647
175.560000,4675
175.600000,13472
175.640000,3104
175.680000,12232
175.720000,2022
175.760000,10140
175.800000,2446
175.840000,11387
175.880000,3016
175.920000,13404
175.960000,4355
176.000000,12730
176.040000,3620
176.080000,11576
176.120000,4033
176.160000,12286
176.200000,11106
176.240000,3848
176.280000,11861
176.320000,2711
176.360000,10485
176.400000,2861
176.440000,10993
176.480000,2740
176.520000,13802
176.560000,2110
176.600000,9444
176.640000,2351
176.680000,2328
176.720000,9534
176.760000,1921
176.800000,2054
176.840000,6773
176.880000,6500
176.920000,12072
176.960000,5532
177.000000,6815
177.040000,8734
177.080000,10134
177.120000,12807
177.160000,13518
177.200000,5013
177.240000,22674
177.280000,6387
177.320000,24307
177.360000,7318
177.400000,24079
177.440000,16578
177.480000,17094
177.520000,9764
177.560000,29956
177.600000,16871
177.640000,17481
177.680000,16213
177.720000,17384
177.760000,16434
177.800000,15496
177.840000,16683
177.880000,16788
177.920000,15857
177.960000,16736
178.000000,16241
178.040000,15908
178.080000,15987
178.120000,16123
178.160000,15181
178.200000,15914
178.240000,16029
178.280000,15175
178.320000,15561
178.360000,15540
178.400000,14549
178.440000,16004
178.480000,8490
178.520000,30421
178.560000,14798
178.600000,15472
178.640000,15397
178.680000,15000
178.720000,14388
178.760000,15580
178.800000,14955
178.840000,14424
178.880000,15596
178.920000,15258
178.960000,14526
179.000000,15117
179.040000,15032
179.080000,15016
179.120000,14992
179.160000,14904
179.200000,15236
179.240000,14637
179.280000,14909
179.320000,14595
179.360000,14417
179.400000,14043
179.440000,13737
179.480000,7006
179.520000,28679
179.560000,12594
179.600000,13170
179.640000,13755
179.680000,13385
179.720000,12340
179.760000,14000
179.800000,13980
179.840000,13996
179.880000,14496
179.920000,13149
179.960000,13894
180.000000,13269
180.040000,13726
180.080000,13133
180.120000,14019
180.160000,13568
180.200000,12415
180.240000,13958
180.280000,13604
180.320000,12012
180.360000,13492
180.400000,13226
180.440000,11875
180.480000,6107
180.520000,27153
180.560000,12739
180.600000,12997
180.640000,12031
180.680000,12525
180.720000,12294
180.760000,11790
180.800000,11928
180.840000,11555
180.880000,12792
180.920000,12150
180.960000,12277
181.000000,11938
181.040000,12286
181.080000,12460
181.120000,11672
181.160000,12117
181.200000,12267
181.240000,11028
181.280000,12151
181.320000,11977
181.360000,11942
181.400000,11524
181.440000,11079
181.480000,6884
181.520000,37478
181.560000,10434
181.600000,10846
181.640000,11256
181.680000,11710
181.720000,10795
181.760000,11283
181.800000,11720
181.840000,11388
181.880000,11584
181.920000,11323
181.960000,11438
182.000000,11299
182.040000,10370
182.080000,11305
182.120000,10647
182.160000,10977
182.200000,10796
182.240000,10550
182.280000,10959
182.320000,9162
182.360000,9539
182.400000,7566
182.440000,7690
182.480000,5278
182.520000,8129
182.560000,1752
182.600000,3726
182.640000,2656
182.680000,2647
182.720000,186
182.760000,1557
182.800000,1460
182.840000,1173
182.880000,1190
182.920000,1217
182.960000,1124
183.000000,1137
183.040000,1149
183.080000,1121
183.120000,1065
183.160000,1121
183.200000,1191
183.240000,1093
183.280000,1123
183.320000,1194
183.360000,1439
183.400000,114
183.440000,1144
183.480000,1119
183.520000,1030
183.560000,1280
183.600000,1048
183.640000,1121
183.680000,1131
183.720000,1147
183.760000,1124
183.800000,1114
183.840000,1135
183.880000,1206
183.920000,1091
183.960000,1188
184.000000,1244
184.040000,1135
184.080000,1566
184.120000,70
184.160000,1199
184.200000,1330
184.240000,1170
184.280000,1172
184.320000,1147
184.360000,1219
184.400000,1253
184.440000,1194
184.480000,1148
184.520000,1437
184.560000,1242
184.600000,1240
184.640000,1273
184.680000,1250
184.720000,1247
184.760000,1299
184.800000,1553
184.840000,104
184.880000,1353
184.920000,1286
184.960000,1311
185.000000,1298
185.040000,1223
185.080000,1226
185.120000,1367
185.160000,1473
185.200000,1390
185.240000,1398
185.280000,1404
185.320000,1364
185.360000,1339
185.400000,1265
185.440000,1325
185.480000,1768
185.520000,95
185.560000,1488
185.600000,1362
185.640000,1352
185.680000,1397
185.720000,1273
185.760000,1357
185.800000,1336
185.840000,1363
185.880000,1346
185.920000,1375
185.960000,1395
186.000000,1429
186.040000,1403
186.080000,1350
186.120000,1609
186.160000,1805
186.200000,95
186.240000,1547
186.280000,1402
186.320000,1477
186.360000,1325
186.400000,1504
186.440000,1413
186.480000,1277
186.520000,1382
186.560000,1542
186.600000,1457
186.640000,1467
186.680000,1376
186.720000,1440
186.760000,1425
186.800000,1573
186.840000,1530
186.880000,1812
186.920000,70
186.960000,1543
187.000000,1445
187.040000,1450
187.080000,1453
187.120000,1624
187.160000,1436
187.200000,1520
187.240000,1517
187.280000,1472
187.320000,1589
187.360000,1537
187.400000,1558
187.440000,1527
187.480000,1462
187.520000,1707
187.560000,1877
187.600000,124
187.640000,1596
187.680000,1595
187.720000,1574
187.760000,1651
187.800000,1524
187.840000,1566
187.880000,1547
187.920000,1509
187.960000,1504
188.000000,1564
188.040000,1531
188.080000,1641
188.120000,1568
188.160000,1566
188.200000,1557
188.240000,1643
188.280000,2029
188.320000,124
188.360000,1646
188.400000,1574
188.440000,1538
188.480000,1647
188.520000,1531
188.560000,1830
188.600000,1617
188.640000,1615
188.680000,1613
188.720000,1606
188.760000,1633
188.800000,1655
188.840000,1608
188.880000,1717
188.920000,1610
188.960000,1680
189.000000,1989
189.040000,89
189.080000,1827
189.120000,1657
189.160000,1727
189.200000,1769
189.240000,1782
189.280000,1696
189.320000,1764
189.360000,1598
189.400000,1675
189.440000,1608
189.480000,1611
189.520000,1852
189.560000,1705
189.600000,1736
189.640000,1800
189.680000,2077
189.720000,111
189.760000,1809
189.800000,1709
189.840000,1804
189.880000,1738
189.920000,1734
189.960000,1819
190.000000,1738
190.040000,1760
190.080000,1802
190.120000,1772
190.160000,1955
190.200000,1766
190.240000,1820
190.280000,1882
190.320000,1633
190.360000,1932
190.400000,2179
190.440000,90
190.480000,1704
190.520000,1799
190.560000,2098
190.600000,1893
190.640000,1797
190.680000,1897
190.720000,1853
190.760000,1803
190.800000,1818
190.840000,1774
190.880000,1826
190.920000,1830
190.960000,1818
191.000000,1982
191.040000,1870
191.080000,2335
191.120000,87
191.160000,2164
191.200000,1839
191.240000,1844
191.280000,1824
191.320000,1901
191.360000,1920
191.400000,1884
191.440000,1913
191.480000,1728
191.520000,9127
191.560000,2477
191.600000,1943
191.640000,1792
191.680000,1923
191.720000,1952
191.760000,1951
191.800000,2190
191.840000,84
191.880000,2029
191.920000,2004
191.960000,1928
192.000000,1893
192.040000,1972
192.080000,2007
192.120000,1816
192.160000,1818
192.200000,2084
192.240000,1992
192.280000,2019
192.320000,2000
192.360000,2095
192.400000,2025
192.440000,2087
192.480000,2571
192.520000,66
192.560000,2022
192.600000,2313
192.640000,2088
192.680000,1962
192.720000,1931
192.760000,2035
192.800000,2063
192.840000,1999
192.880000,2043
192.920000,2022
192.960000,1989
193.000000,2051
193.040000,1952
193.080000,1862
193.120000,2150
193.160000,2019
193.200000,2596
193.240000,75
193.280000,2106
193.320000,2078
193.360000,2139
193.400000,2168
193.440000,1999
193.480000,2002
193.520000,2016
193.560000,1902
